ID,LastName,FirstName,email,Plus,Minus,credit_card,Tax
12-9321320,Pickle,Réjane,,$41564.80,$46160.22,3557725016917448,$16408.20
14-4213773,Hartford,Léa,,$46310.29,$13116.21,3544948067779642,$13397.19
92-0579703,Caldecott,Adélaïde,lcaldecott2@com.com,$44330.64,$9725.39,4508863396652307,$35768.27
43-3066209,Dohrmann,Cloé,odohrmann3@gov.uk,$32271.10,$33467.96,6398709109212517,$3876.95
39-1753452,Pes,Zhì,dpes4@trellian.com,$24467.01,$5220.55,3562917312487449,$5559.11
98-1640163,Satyford,Pénélope,asatyford5@friendfeed.com,$31883.05,$11529.92,3564171803659243,$5939.26
58-9143184,Corballis,Clémentine,scorballis6@mapquest.com,$25340.90,$3241.86,341075109903237,$45625.23
87-3594410,Hiseman,Bénédicte,chiseman7@sciencedirect.com,$46081.76,$36954.21,3548420880126084,$19464.18
74-7031522,Easton,Mà,,$37139.51,$14322.80,3528412919441844,$44003.80
86-6585171,Biasotti,Sòng,mbiasotti9@xrea.com,$48030.90,$31800.42,3558072029644498,$4110.14
28-6891438,Bebbell,,dbebbella@samsung.com,$39757.71,$12197.71,4175005806889556,$14871.65
58-1751666,Samwyse,Cléa,,$9807.42,$29090.41,3580466398701933,$6952.12
86-0727456,Scoggin,Océane,,$22325.83,$14027.14,3579323396395924,$4606.65
45-7551890,Malling,Desirée,,$17352.29,$29206.75,4917790730639028,$38339.60
34-1340103,McDell,,cmcdelle@angelfire.com,$9159.23,$42452.10,56022337683728317,$7092.27
47-9080463,Aleswell,Börje,waleswellf@chicagotribune.com,$40070.72,$31867.85,5326526320610843,$32194.87
87-6944856,Clymer,Laurène,,$31841.12,$43010.77,501871659091983888,$18668.75
91-2061763,Ballston,Maïly,dballstonh@rambler.ru,$8886.11,$37304.83,5641822556885797,$31717.78
87-8767085,Heibel,Anaëlle,,$16371.98,$6374.50,5602212449409178,$21756.39
89-7489320,Dorset,Wá,,$48117.54,$15385.57,6304307193068603193,$24184.42
60-4045310,Yepiskopov,Géraldine,dyepiskopovk@wikia.com,$20299.46,$15483.53,3582034285156070,$6289.38
84-1869296,Donohoe,Mélinda,adonohoel@cbc.ca,$33567.09,$27218.49,3579189808252858,$44215.69
72-5707280,Roby,Marie-hélène,srobym@nydailynews.com,$29742.32,$19414.79,3561734205673642,$49453.88
35-5690405,Buessen,Gisèle,dbuessenn@engadget.com,$2764.52,$28215.59,5602232187053798,$18216.69
28-4246256,Reinard,Judicaël,mreinardo@about.me,$31473.04,$7172.65,3561875731838066,$11422.73
58-5678166,Moryson,Mélinda,lmorysonp@cnet.com,$45896.28,$36207.07,372301546435373,$36979.96
61-8276645,Gobeaux,Mahélie,,$13000.46,$31496.48,3549094028030307,$22848.65
62-3230099,Lemmers,Marie-thérèse,olemmersr@meetup.com,$3711.69,$12012.09,201828095919438,$2061.28
09-3820757,Chellam,Marie-josée,,$47352.56,$39513.17,6370427259646382,$43020.04
44-7286205,Fairbank,Nuó,cfairbankt@vistaprint.com,$11527.67,$3215.95,4917574606064168,$43602.52
27-5523585,Basterfield,Nélie,,$21767.24,$46942.73,493651256171387910,$34078.28
07-9870059,Cheale,Océane,wchealev@deviantart.com,$48999.53,$44566.60,5602224958878727,$18443.03
07-4260098,Parkyns,Nadège,,$35588.10,$7924.28,3576500820111273,$24820.02
47-1525534,Imore,Andrée,,$41854.35,$31417.99,6331106578430508052,$29982.12
48-9542873,Radage,Dafnée,,$45586.96,$6300.36,503862181498561743,$49141.64
03-1197668,Duggleby,Marie-ève,pdugglebyz@purevolume.com,$7318.94,$20534.48,3584833107363477,$32003.71
88-4683729,Braddock,Ruò,abraddock10@yellowbook.com,$8318.44,$44579.44,6304158860872940,$47346.97
64-1648253,Bootell,Pénélope,,$9645.33,$4983.43,4917454658865442,$23724.35
79-3268114,Keedy,Sòng,,$13240.50,$40843.77,5602231961789668,$6445.35
28-9900968,McShirrie,Gösta,gmcshirrie13@ovh.net,$33248.50,$6362.25,3540777237575752,$13929.35
61-9136581,Schwartz,Célia,,$10041.11,$25994.04,3559626582425923,$22262.67
16-2220153,Hampton,Mélys,khampton15@livejournal.com,$19201.09,$37439.46,3566345224452796,$16451.25
62-1180808,Beaman,,ybeaman16@ezinearticles.com,$16621.37,$40065.91,3532132750887731,$17132.31
93-5534745,McLeman,Stévina,gmcleman17@seesaa.net,$34178.11,$48456.94,3544592494502720,$6357.18
09-0358505,Godwin,Mégane,rgodwin18@foxnews.com,$31048.77,$9326.77,4936040645146231,$31726.18
35-8371190,Bratty,Mélodie,fbratty19@marketwatch.com,$35440.52,$24119.20,3542190128073200,$4551.61
06-3888329,Connar,Judicaël,rconnar1a@earthlink.net,$22401.08,$3389.55,3559559639736184,$18509.28
49-6252809,Gibbons,,mgibbons1b@princeton.edu,$28616.11,$40279.74,4405682183915287,$14932.90
82-0909890,Banfill,Léane,kbanfill1c@friendfeed.com,$39609.37,$2518.82,560224324155188896,$15823.56
27-1343638,Daughtery,Yénora,sdaughtery1d@slideshare.net,$1546.46,$26115.88,3570310885166642,$27203.75
98-5740737,Bracken,Kuí,vbracken1e@myspace.com,$20248.36,$28610.19,3585402094910432,$12718.94
56-7321136,Vanyukov,Aloïs,cvanyukov1f@printfriendly.com,$34395.33,$27476.60,201807457912629,$2980.03
20-8249056,Beagin,Bécassine,nbeagin1g@narod.ru,$32976.95,$8442.78,3574344857571485,$6439.82
48-2648438,Rabbitt,Yáo,arabbitt1h@cmu.edu,$19476.07,$42346.18,5291095711363058,$25845.27
91-5154780,MacCostigan,Anaïs,bmaccostigan1i@huffingtonpost.com,$37264.28,$15240.41,5478411448065426,$18102.09
51-0654079,Fabbro,Valérie,bfabbro1j@dropbox.com,$13368.16,$26856.28,3537881644357930,$21058.30
07-8330266,Endley,Maïly,eendley1k@unesco.org,$24304.79,$20343.57,3581478840162571,$15619.76
64-5170414,Pavlenkov,Lucrèce,lpavlenkov1l@jimdo.com,$39619.39,$7176.19,5602255817541544,$40429.10
58-9637537,Neaves,Léane,aneaves1m@buzzfeed.com,$40790.62,$15343.72,50188434961970605,$18344.84
19-7551201,Anelay,Andrée,fanelay1n@indiatimes.com,$20168.13,$20044.30,5010127057380428,$4396.15
30-3349706,Kinsell,Marie-noël,fkinsell1o@admin.ch,$46543.22,$39406.10,501898182476724784,$45132.96
07-5740374,Giffin,Océane,bgiffin1p@sfgate.com,$14624.51,$11298.78,3573225899760114,$4342.57
86-5663058,Lomasna,Cléa,slomasna1q@google.pl,$33403.33,$8754.26,3570172800899115,$32615.54
01-6607923,Hachard,Thérèse,phachard1r@ycombinator.com,$13255.16,$8867.37,5002358546853317,$19442.53
29-1334665,Johnikin,Andréa,hjohnikin1s@shop-pro.jp,$7006.76,$3480.05,3569725289926619,$43500.98
08-2822161,Spellacy,Mélina,sspellacy1t@chron.com,$11535.44,$3626.69,5602246661087171,$45136.22
27-5761312,Borless,Maëly,,$5143.05,$44943.27,3531440241194455,$1265.26
90-2817960,Carnier,Personnalisée,gcarnier1v@ted.com,$33905.05,$49290.03,374283458890324,$35126.73
38-6339278,Rubi,Marie-josée,,$18473.91,$44012.81,3538580871806267,$1294.30
93-1352021,Shalloe,Léa,gshalloe1x@globo.com,$38223.99,$43774.22,3558807514800984,$9044.79
98-9398689,Lingwood,Maïté,mlingwood1y@wordpress.com,$47412.86,$1499.27,201561279094179,$23816.11
68-3145918,Vallery,Solène,,$1382.28,$22561.73,5556910197483925,$8585.88
75-9237133,Eyer,Torbjörn,,$5042.64,$30636.20,30375506764182,$46057.89
88-3020098,Hartburn,Cunégonde,bhartburn21@yellowbook.com,$38542.29,$20830.37,3574368715743317,$14995.84
37-0411728,Dallyn,Maëlann,edallyn22@chronoengine.com,$8824.51,$10897.48,3585463134681615,$3816.15
22-4924331,Keaves,Nuó,mkeaves23@tripod.com,$19501.81,$12616.64,0604069211861501872,$8224.98
81-6045268,Merit,,rmerit24@usatoday.com,$10924.73,$17003.67,50184189154913838,$3423.23
32-6207664,Brands,Rébecca,sbrands25@1und1.de,$22811.90,$7308.17,3555948629360192,$31707.50
41-4606179,Barratt,Gösta,dbarratt26@google.cn,$48764.27,$10101.88,5602238254738302,$5659.67
98-7791566,Eighteen,Maëlyss,aeighteen27@seesaa.net,$19422.37,$35240.94,06043751701962601,$42088.12
58-7499084,McGougan,,rmcgougan28@themeforest.net,$37697.46,$8224.00,3535747804366650,$10152.28
23-0049138,Gaucher,Anaïs,cgaucher29@house.gov,$24870.99,$9779.83,3587289642196947,$8554.90
69-4550295,Prendeguest,Håkan,hprendeguest2a@blogger.com,$48676.39,$48066.90,201815075488054,$10182.70
79-8519656,Retchless,Agnès,eretchless2b@nps.gov,$21137.04,$7966.75,3576270347425511,$33853.20
28-5997641,Beneix,Lorène,mbeneix2c@cbslocal.com,$33470.97,$40965.06,3586743791070528,$35923.36
81-3884981,Duggon,,cduggon2d@va.gov,$49042.09,$26701.85,3536971462361428,$37910.34
46-2368783,Edser,Nélie,jedser2e@answers.com,$47863.00,$32685.52,5610257747203377,$33715.46
31-4164856,Martellini,Lyséa,smartellini2f@dedecms.com,$32624.64,$48249.61,3565320786386931,$8726.63
13-0381546,Overell,Nuó,coverell2g@indiegogo.com,$10133.53,$43633.12,6706983551756571039,$4621.98
36-5214406,Schoolfield,Bécassine,oschoolfield2h@xing.com,$3785.07,$40673.30,589363830719623236,$17590.29
57-4365348,Klement,Hélène,vklement2i@army.mil,$17328.23,$8599.44,3538802449799935,$3038.55
57-6062593,Stratton,Marie-françoise,dstratton2j@so-net.ne.jp,$4150.32,$20680.92,3538298412803400,$26649.65
16-4983785,MacPike,Joséphine,,$14755.46,$1292.87,30453648050503,$46058.92
29-0152123,Paish,Léone,dpaish2l@issuu.com,$26461.34,$44263.38,490505004746149660,$4304.97
97-6380825,Ramard,Lóng,iramard2m@fema.gov,$45997.52,$36859.75,67719069441412349,$3130.48
11-7325509,Ohlsen,Rébecca,,$25215.64,$21145.91,5641820308392617,$43439.83
91-0838004,Fedorchenko,Kévina,cfedorchenko2o@example.com,$24161.97,$23817.33,3555507346067801,$7044.11
09-0649439,Schule,Angélique,wschule2p@bing.com,$42880.04,$16556.82,374622852866408,$10881.33
71-4243507,Rimmington,,drimmington2q@umn.edu,$35817.00,$39912.09,67622344633955637,$3688.46
97-2718550,Lars,Gösta,hlars2r@studiopress.com,$6361.77,$16511.81,5444223233884361,$17523.91
63-8569369,Isard,Loïc,kisard2s@merriam-webster.com,$9086.30,$43118.58,3535694972757197,$9770.25
89-5693485,Lewsie,Françoise,jlewsie2t@vk.com,$35347.26,$26700.10,5007665062834249,$48238.28
68-7444054,Banting,,,$48386.77,$8432.19,4041595826952386,$42954.67
20-8330525,Luberto,Vénus,dluberto2v@wikia.com,$49176.85,$29839.75,501858854926973850,$43149.14
43-6206046,Sealove,Audréanne,,$27189.28,$38642.32,670999472806035840,$9283.62
23-6019876,Kendrick,Intéressant,fkendrick2x@answers.com,$49161.26,$40060.63,3560121724647458,$6810.27
33-4674445,Fancy,Inès,,$25185.04,$32386.98,675945900075500148,$33569.18
41-4290576,Crowder,Léonore,jcrowder2z@upenn.edu,$6723.75,$49566.06,3548067153418597,$7064.86
24-1851607,Emblem,Kévina,kemblem30@reuters.com,$15349.58,$17684.27,3558791139657633,$21352.94
55-4183670,Cardello,Françoise,fcardello31@amazon.co.uk,$36430.77,$15375.38,6767044618256646,$15723.87
44-6581643,Scamadin,Mahélie,dscamadin32@barnesandnoble.com,$16219.96,$22715.24,5526076208202725,$24340.33
16-0188603,Strasse,Ruò,wstrasse33@sciencedirect.com,$8931.44,$17702.69,3588246934281885,$38375.25
63-5922198,Freegard,Solène,bfreegard34@opera.com,$12111.76,$34440.50,0604694691161776345,$14088.56
58-7093663,Manicomb,André,dmanicomb35@mlb.com,$49388.99,$49035.48,3563595661039539,$44044.71
34-5904664,Devon,Estève,,$41500.29,$35298.93,060474513391593566,$33299.06
02-5908541,Linggood,Cécilia,tlinggood37@mlb.com,$16926.56,$5950.11,3558219146949827,$24533.73
05-0451261,Balassa,Styrbjörn,cbalassa38@arstechnica.com,$44709.00,$38317.19,3540943404925341,$20748.42
96-7942688,Tapsell,Loïca,atapsell39@addtoany.com,$18578.52,$25995.91,3542272083392575,$14320.21
20-8747041,Eagleston,Maïwenn,eeagleston3a@pen.io,$39100.36,$19499.57,6333501102555349726,$32138.96
07-5420326,Dowdney,Léana,,$11003.08,$1535.45,5602228422860526,$32409.09
33-5885510,Mingame,Angèle,smingame3c@telegraph.co.uk,$30771.15,$7064.55,337941457681822,$17404.19
27-2996081,Dawtre,Loïs,sdawtre3d@about.com,$37908.51,$35915.17,5641825738131824,$14173.24
61-5146030,Wager,Tán,,$6725.30,$48732.28,6763461041872687234,$30760.08
78-6811847,Halversen,Lèi,bhalversen3f@spotify.com,$19161.36,$3195.33,3552837048332960,$7932.58
32-5052615,Ludvigsen,Angélique,gludvigsen3g@weather.com,$27317.31,$43247.32,3577216803795458,$1493.55
19-1674898,Stockwell,Léone,,$7464.42,$17547.62,374622677316415,$23192.29
61-5693129,Jovicevic,Esbjörn,,$33251.47,$38912.86,3546770552982152,$18442.50
80-0036581,Andriulis,Camélia,aandriulis3j@weather.com,$32897.88,$18156.87,3578269941644269,$1821.05
61-4983477,De La Salle,Maïté,bdelasalle3k@rediff.com,$20878.33,$31640.92,3567111757378249,$32111.60
43-3234711,Scholler,Zhì,cscholler3l@themeforest.net,$38601.86,$38388.45,6304536810654477582,$46064.44
00-9314255,Ridsdell,Méng,,$46219.53,$27600.37,6372398903302615,$44225.38
89-9311655,Dunham,Noémie,rdunham3n@sohu.com,$48883.73,$20147.82,5420611865255082,$38762.81
50-2849118,Steers,Lyséa,csteers3o@theglobeandmail.com,$14468.50,$48354.16,5602240677307640,$44793.44
88-2929877,Carnell,Mélanie,ccarnell3p@ucsd.edu,$36285.04,$28874.97,5100140486984109,$17316.38
33-6147974,Guidotti,Faîtes,mguidotti3q@github.io,$34841.85,$36572.21,3543978555785091,$23938.14
97-0072570,Crenshaw,Céline,dcrenshaw3r@dmoz.org,$49623.05,$30519.95,3555693621648414,$20524.36
36-4710619,Vuitte,,avuitte3s@elpais.com,$8861.17,$32467.39,5602211285363564,$7432.08
94-2786819,Ponceford,Géraldine,mponceford3t@unc.edu,$19242.51,$3749.02,63045670842667649,$40708.41
54-3969722,Alfonso,,balfonso3u@histats.com,$1253.09,$37205.22,3544153478930278,$32307.72
44-8588528,Tewkesbury.,Adèle,,$43623.30,$31615.09,5307165034395822,$30412.40
16-6941816,Skirven,Yóu,kskirven3w@ocn.ne.jp,$11576.67,$41321.78,3588344683663377,$41258.94
79-9192029,Fraschini,Eléonore,cfraschini3x@cbc.ca,$29813.96,$19663.59,3548625716717217,$33452.20
77-6451662,Das,Geneviève,idas3y@homestead.com,$46793.40,$34404.95,3537746368400200,$38601.38
33-8756788,Rossi,Yè,erossi3z@furl.net,$14591.25,$4660.63,5100130110522482,$42732.64
06-4603739,Kimberley,,jkimberley40@hubpages.com,$17514.45,$16379.55,4041378463574,$45095.59
88-7095784,Frances,Lucrèce,,$42381.35,$15319.94,30450890853162,$23485.40
27-2979525,Franke,Loïs,bfranke42@delicious.com,$18225.21,$32977.64,5100148099715596,$30087.14
43-2104360,Bridie,Hélène,rbridie43@shutterfly.com,$42626.55,$25200.10,3560920058710141,$26183.05
14-0972441,O'Fearguise,Adélaïde,dofearguise44@51.la,$27805.20,$1673.74,3552688785865682,$24996.02
58-5924703,Petrushanko,Bérengère,spetrushanko45@canalblog.com,$21817.70,$1625.05,5602223782802432,$11515.90
79-1198344,Weatherhill,Andréa,cweatherhill46@bravesites.com,$46612.02,$43944.52,370052910132334,$33023.27
88-5967373,Hedylstone,Renée,chedylstone47@sphinn.com,$29855.17,$43142.71,633354899239967719,$18329.72
54-2553840,Village,,mvillage48@baidu.com,$3119.03,$46968.12,4175000651189475,$49958.85
91-6854033,Kirkebye,Marylène,dkirkebye49@newyorker.com,$19735.00,$24574.57,630410684747385499,$42142.66
93-9153086,Wadhams,Irène,,$27372.42,$6867.59,3572958729188855,$15129.26
74-1338468,Daenen,Cléopatre,adaenen4b@dell.com,$32057.22,$9899.06,4610584898318,$32728.14
34-0244059,Jaycox,Mélina,cjaycox4c@facebook.com,$18691.67,$35393.98,3552224018655649,$1388.63
59-1136139,Ovey,Joséphine,eovey4d@prlog.org,$48426.28,$3731.61,5010120355865778,$23896.70
90-6405402,Hopewell,Ruì,jhopewell4e@bizjournals.com,$34893.97,$11281.01,3559262533809674,$38536.04
33-3257760,Winear,,nwinear4f@wufoo.com,$13690.49,$48610.49,3553799034864357,$7404.39
84-4776405,Toppin,Styrbjörn,ctoppin4g@usatoday.com,$28350.75,$31670.85,4386955951969196,$38798.03
42-6329362,Edgworth,Loïca,eedgworth4h@desdev.cn,$46675.92,$5238.04,630450688242445923,$34912.25
73-3100487,Duxbury,Maëlys,cduxbury4i@earthlink.net,$38067.85,$3298.16,373714386469030,$8866.99
53-4736413,McKew,Andrée,tmckew4j@dmoz.org,$15645.32,$37888.06,3555630243245294,$9050.44
00-5035961,Saiens,Dà,fsaiens4k@ucoz.com,$25995.18,$27397.89,3587902158240855,$2966.36
88-1445358,Dunridge,Maïly,sdunridge4l@loc.gov,$12803.19,$9503.72,5641822838162143692,$49095.84
50-2193159,Jopling,Pò,kjopling4m@opensource.org,$13287.84,$41808.96,201770034579008,$25616.03
62-8145426,Crisall,Séréna,dcrisall4n@about.com,$41903.42,$41670.84,3569894839229914,$6349.48
52-4097184,Minci,,mminci4o@goodreads.com,$19939.98,$4383.31,3551077960106800,$10061.48
57-0310413,Twigley,Annotés,btwigley4p@quantcast.com,$2350.29,$25567.04,4026948701494009,$10328.83
40-8088480,Anders,Marie-françoise,canders4q@pbs.org,$6663.16,$47128.43,3579105259707620,$11033.71
13-1929636,Wethers,Dafnée,cwethers4r@cocolog-nifty.com,$30483.20,$49524.51,3569009845312303,$37586.51
57-5210662,Chittock,Andréanne,vchittock4s@fastcompany.com,$45783.01,$47000.83,3538938766126771,$36976.24
79-9706186,Pickthall,,rpickthall4t@bloglovin.com,$9999.36,$32296.88,3538113507025985,$22456.22
14-8434910,Matiewe,Marie-josée,tmatiewe4u@answers.com,$5192.83,$42362.64,30175390875643,$12295.37
70-2950394,Fawkes,Tú,cfawkes4v@baidu.com,$9334.37,$44058.86,675956757403993148,$38222.01
80-9124837,Gingles,Björn,,$3443.74,$7194.89,341577244443417,$2815.22
80-5443108,Shotboulte,Mélina,gshotboulte4x@msn.com,$45702.78,$20234.26,3582163284801418,$6528.44
33-4353795,Hares,Néhémie,ihares4y@nifty.com,$9794.16,$42030.39,3530492236190973,$5952.18
35-3837060,Pointer,Marie-josée,jpointer4z@baidu.com,$43849.47,$27281.13,630418912759568070,$16920.09
35-9560290,Windross,,nwindross50@tinyurl.com,$42805.16,$1263.85,5602258611723433,$27126.22
68-1972607,Roffe,Ophélie,mroffe51@amazon.co.uk,$7920.04,$21183.31,5048371529964296,$21542.99
86-6704733,Cahn,Bénédicte,mcahn52@so-net.ne.jp,$48246.85,$19432.47,3546564680410461,$35839.18
41-1598642,Orlton,Yénora,aorlton53@sitemeter.com,$43272.54,$12783.93,6304494436401535652,$5469.91
45-1316077,Hartright,Geneviève,shartright54@seattletimes.com,$44091.37,$31451.54,4017951760315447,$16275.65
17-1812405,Massey,,vmassey55@de.vu,$23343.55,$43592.13,201535931747374,$46155.65
81-1084531,Hubbuck,Alizée,ehubbuck56@hatena.ne.jp,$11537.03,$37530.63,6304082760375033792,$3775.66
18-4494221,Di Biasio,Estève,adibiasio57@shinystat.com,$26414.75,$26223.51,4041375391183158,$31897.65
45-4447258,Monteaux,Gaëlle,,$12407.65,$30080.50,5504549955131491,$36168.64
88-2268000,O'Hickee,,dohickee59@tinyurl.com,$37415.31,$41164.08,5602214207083658,$3630.50
99-0594334,Cogin,,scogin5a@cisco.com,$38658.02,$42245.41,6759182450451527,$24929.88
99-1555995,MacFadin,Céline,smacfadin5b@soundcloud.com,$26386.08,$6282.79,56102314737143309,$16020.16
89-9782392,Schachter,,sschachter5c@msn.com,$18944.70,$26369.43,36763017039398,$28133.89
59-0965266,O'Curran,,pocurran5d@jugem.jp,$9263.70,$29007.70,4917306858053866,$3442.30
42-3453721,Lukovic,Gisèle,slukovic5e@sogou.com,$46164.86,$38183.68,3572230042342415,$41551.86
98-0195846,Tolworth,Sòng,ptolworth5f@xinhuanet.com,$13363.21,$46016.33,3580288634651700,$20208.10
09-4627297,Thaine,Frédérique,bthaine5g@senate.gov,$23277.93,$42749.42,4936782245546153418,$30797.74
09-2178431,Matfield,Garçon,hmatfield5h@ning.com,$42764.10,$12625.53,3559965812620253,$7323.44
83-3369890,Verma,Märta,lverma5i@yellowpages.com,$29918.85,$35517.26,30115295847552,$48368.70
66-5637078,Barnby,Magdalène,abarnby5j@google.es,$12038.26,$7985.67,3575130389666110,$35775.46
38-8814703,Cantrell,Mårten,ycantrell5k@sphinn.com,$24988.34,$40635.59,36227041869279,$39611.84
36-2101414,Ramm,Mélina,aramm5l@histats.com,$19098.68,$18687.59,6374799472512484,$4660.28
04-1123722,Richarson,Örjan,dricharson5m@admin.ch,$40854.04,$44542.25,3565944460170103,$2033.14
96-7817940,Le feuvre,Lóng,,$35948.62,$37837.86,3535757027530602,$37969.72
81-1871281,Kupker,Örjan,bkupker5o@163.com,$1102.14,$5400.50,5168775835453162,$21311.92
01-6286494,Trever,Naéva,ptrever5p@flavors.me,$45848.01,$7996.92,4844452670131387,$42165.84
66-2562355,Lindenfeld,Aurélie,alindenfeld5q@tmall.com,$35494.10,$36713.45,4026453355395552,$47903.94
22-0992841,Coulston,Esbjörn,,$16263.99,$30300.98,4405309359347836,$48025.94
07-8257205,Abarough,Maïlis,aabarough5s@abc.net.au,$13472.96,$28006.14,3538459592246055,$16854.51
16-3349999,Glyde,Personnalisée,dglyde5t@bravesites.com,$18971.54,$28735.47,5602231246809441320,$40456.56
80-8963434,Zannotti,Célia,nzannotti5u@vinaora.com,$48246.36,$49636.90,3585746415973135,$41555.89
91-2791771,Covelle,Marie-ève,,$25309.97,$5394.95,56022223317077547,$44436.74
11-2585407,Salthouse,Léonie,asalthouse5w@jiathis.com,$20267.90,$40825.79,3550355341435101,$25642.31
12-1040631,Trevett,Maïly,mtrevett5x@ameblo.jp,$22174.82,$28348.14,3537686910521139,$43569.94
57-0135758,Peltzer,Pò,,$45320.37,$17326.41,201995273045839,$4382.76
24-7618504,Lockless,Mélia,blockless5z@mozilla.org,$21727.44,$43317.57,633436935514883908,$21683.21
32-7463914,Baggallay,Lèi,dbaggallay60@creativecommons.org,$25960.91,$3800.55,3549753939851511,$46921.22
11-5660745,Pechard,Maéna,rpechard61@harvard.edu,$32576.52,$36920.47,3572040522479045,$32441.35
15-7783293,Heald,Yú,,$18264.51,$35579.24,67610230817469731,$5516.39
79-5626554,Cowans,Léane,,$44831.47,$29102.84,5231773283104729,$45131.54
74-1909891,Van Halle,Célia,evanhalle64@jalbum.net,$30610.86,$11157.16,30445729328865,$35473.50
08-5917357,Seaborn,Åsa,dseaborn65@xing.com,$28286.23,$30846.76,3575804876110218,$44598.73
11-3075150,Mitchiner,Edmée,amitchiner66@biglobe.ne.jp,$16079.37,$28223.34,3541024893118018,$2772.97
98-4236852,Mulran,Naéva,jmulran67@privacy.gov.au,$32656.47,$33837.72,6761471802738507490,$39680.95
15-2020824,Wrenn,Nadège,dwrenn68@columbia.edu,$10453.49,$17275.78,6389401384472021,$18784.32
64-1587951,Baser,Frédérique,,$2352.49,$43709.07,30573687441527,$43532.45
30-3784394,Kuhle,Cinéma,akuhle6a@storify.com,$24315.96,$5700.74,3554638579195208,$21274.41
79-8200193,Bouchard,Océanne,lbouchard6b@cbslocal.com,$42465.65,$16820.94,6761901711392121,$13322.24
29-0282896,Bault,Ruò,mbault6c@ed.gov,$46968.34,$26436.00,3548194664774563,$37665.91
37-8608246,Edmett,Bécassine,hedmett6d@aol.com,$6625.12,$28046.35,3573436791152215,$25884.31
05-7893430,Squibb,Bérénice,msquibb6e@imdb.com,$36222.53,$12550.12,3571493763734837,$26118.97
45-8711838,Tran,Alizée,dtran6f@nifty.com,$22598.10,$20815.07,6759966457910819985,$16456.95
23-9364938,Harverson,Yáo,,$11145.03,$27849.28,5010124598235633,$43311.87
67-1328210,Boyington,Intéressant,rboyington6h@blogspot.com,$12522.00,$43124.24,6304359475712790,$43274.59
54-2384394,Daulton,Laïla,,$35303.34,$10248.95,4508035186900226,$27448.51
55-1643352,Chellam,Salomé,cchellam6j@diigo.com,$35599.87,$38081.32,3548339891894235,$14479.18
08-9903874,Fayerman,,gfayerman6k@trellian.com,$25018.55,$44909.64,5602245492962321,$25839.71
36-7294691,Cool,Camélia,lcool6l@samsung.com,$44056.53,$1242.43,3586289281716626,$39795.73
13-7439392,Dowry,Annotés,wdowry6m@blogs.com,$4487.82,$26820.51,633110053158647713,$41235.50
65-2708767,Hubeaux,Inès,chubeaux6n@discuz.net,$43740.54,$9073.10,3554017545896407,$7590.10
84-5247112,Lismore,Mélinda,dlismore6o@themeforest.net,$14682.79,$35588.48,3530466031953280,$42722.99
97-5079709,Casetti,Edmée,rcasetti6p@tripod.com,$10556.97,$39837.10,5610922652628757,$19483.07
76-2993408,Leete,Bérengère,mleete6q@elpais.com,$17331.33,$38105.93,3578511055275665,$2250.39
83-8929057,Thies,,,$15703.38,$41374.99,5579999240171952,$26824.21
89-0915400,McLafferty,Athéna,,$22326.17,$23782.24,3544539496698402,$9527.46
21-1366634,Brennon,Irène,hbrennon6t@addthis.com,$31900.59,$32460.06,5108756823966681,$2130.25
98-2170684,Blaske,Görel,nblaske6u@uiuc.edu,$39069.82,$18120.79,5007667408017067,$36860.52
70-6742114,Potkins,Méng,,$46302.10,$1806.62,5479729504173902,$6373.13
85-8308687,Dowd,Andréa,,$45889.25,$26122.26,501844215901124132,$34014.91
93-6381679,Smaleman,Maïwenn,ksmaleman6x@marriott.com,$6505.35,$4993.28,5472381057863153,$38584.62
82-3117462,Bockmaster,Alizée,ybockmaster6y@paypal.com,$10466.54,$33772.91,6767501666650592595,$42176.75
09-0529624,Huetson,,khuetson6z@smugmug.com,$28717.00,$44187.99,3574073339601640,$40842.52
43-6297484,Basini-Gazzi,Andrée,gbasinigazzi70@photobucket.com,$31327.63,$44620.30,3555644203096175,$45657.30
53-3873968,Fendt,Vérane,rfendt71@sina.com.cn,$15294.59,$7785.22,5602237921336136,$22761.85
39-5881520,Heakey,Séréna,sheakey72@aboutads.info,$41092.23,$37742.28,3575646276139739,$27287.45
19-6529593,Nottle,Sòng,bnottle73@tiny.cc,$11102.82,$34012.51,30586766653069,$26234.84
20-3160559,Lagde,Laurène,klagde74@washington.edu,$13715.17,$47825.56,6762232319304949,$3257.10
07-5603132,Coppard,Marylène,icoppard75@gravatar.com,$4141.81,$39737.09,201866077084730,$9509.53
98-7821536,Johnys,Mélanie,fjohnys76@nhs.uk,$38556.13,$5747.14,50386093702898481,$5751.52
14-5723583,Eunson,Mahélie,aeunson77@ow.ly,$49514.33,$21805.94,5602222524372894,$27177.23
04-7209331,Tulip,Gaïa,,$30639.97,$37344.34,3576839249564732,$20224.08
10-3312212,Havenhand,Tán,shavenhand79@surveymonkey.com,$1970.99,$2420.19,3575856068132129,$35798.98
94-6598659,Stollen,Annotée,mstollen7a@businesswire.com,$8402.27,$14849.86,3549516931629437,$16617.79
74-7245685,Igglesden,Mélys,kigglesden7b@123-reg.co.uk,$37570.46,$2692.85,30320441000243,$7274.76
78-2598842,McKinna,Félicie,kmckinna7c@aboutads.info,$6100.33,$9869.35,3584466988167855,$21960.08
17-0130128,Da Costa,Angélique,pdacosta7d@zdnet.com,$20590.62,$6491.17,3530668197002980,$15910.87
39-0792389,Castagne,Personnalisée,,$47364.99,$21420.12,374288861683109,$32379.99
79-7225587,Phidgin,Béatrice,mphidgin7f@newyorker.com,$42239.55,$29294.51,3557367003480476,$43123.71
98-1995622,Frickey,Almérinda,,$18583.52,$15445.39,3548444701645791,$19679.23
61-2942618,Foucar,Cléopatre,,$49947.92,$32316.27,5002358022828759,$19429.92
46-3612304,Mertin,Angélique,nmertin7i@tinypic.com,$35482.07,$40477.37,3567836436685305,$5435.59
50-1637949,Cornelius,Lài,ncornelius7j@jigsy.com,$28746.98,$13754.61,3568021991542949,$3176.91
34-1954291,Schmuhl,Marie-thérèse,fschmuhl7k@ning.com,$21890.56,$2114.45,5100176768278869,$18378.83
55-8489239,Lucy,Séverine,,$24468.47,$34609.56,3583788531885209,$24301.49
33-3719977,Birtwell,Gisèle,,$5030.36,$22733.13,675993695471742341,$36047.83
93-2438908,Philbrick,Yénora,dphilbrick7n@cisco.com,$31907.27,$10339.46,3569308570080048,$12600.04
80-1964683,Mulmuray,Desirée,dmulmuray7o@phpbb.com,$15224.64,$39957.80,503836114540794528,$37891.94
26-8009306,Bromilow,Kallisté,mbromilow7p@4shared.com,$20440.63,$24883.22,3578158746880436,$22706.61
23-5030199,McQuin,,,$20522.39,$27315.16,3579176918861728,$40891.20
36-1286924,Bardey,Maïly,lbardey7r@ustream.tv,$45892.64,$49927.68,4937099755057041,$12143.40
11-0499637,Clemendet,Maïly,rclemendet7s@taobao.com,$6996.10,$14249.93,3532894673192586,$46840.06
02-5340139,Du Plantier,Dafnée,yduplantier7t@businesswire.com,$37258.00,$49175.16,374622753600161,$35906.70
50-3170623,Avramchik,Gaétane,aavramchik7u@toplist.cz,$42962.29,$43704.01,3555514592337649,$41566.84
14-2240944,McGaughie,Zhì,rmcgaughie7v@devhub.com,$11912.75,$5893.92,201529363758025,$47482.81
38-1795316,Remer,Méghane,sremer7w@thetimes.co.uk,$33930.49,$47746.20,4905855348241874226,$21762.61
73-7712149,Brackley,Örjan,,$32956.07,$41866.74,5473351747283756,$45377.09
51-5845922,Lougheid,Léana,nlougheid7y@youku.com,$42662.74,$47556.41,374283833119373,$2361.46
54-6544396,Brigman,,fbrigman7z@gravatar.com,$6833.15,$3344.46,5602256582251764,$12333.63
87-9219050,Dowey,Andréanne,wdowey80@wikia.com,$32662.23,$24862.29,3547525779198670,$23821.21
10-8194259,Tuffell,,,$33012.88,$43492.22,4041378718423,$11568.02
72-1693208,Kalker,Aí,gkalker82@amazon.co.uk,$12472.28,$4261.11,3588334738756581,$20971.37
30-8255797,Senescall,Marylène,gsenescall83@google.pl,$30014.54,$13408.10,3530571353391710,$16566.99
47-6243568,Beamish,Lauréna,kbeamish84@archive.org,$24012.43,$20762.38,3572616926556593,$16872.43
75-9130535,Kubas,Méthode,dkubas85@microsoft.com,$9481.62,$38391.53,4017950196527,$17790.63
99-4353286,Semorad,Cléa,asemorad86@qq.com,$14840.59,$38115.26,3554319159839594,$3038.23
33-3134819,Lovewell,Clélia,blovewell87@wunderground.com,$38714.68,$25414.90,30413471892397,$9210.45
48-2655102,Loude,Erwéi,gloude88@loc.gov,$37020.93,$45283.31,6767853501388532833,$4707.04
99-3229662,Ventura,Pål,bventura89@ebay.com,$35728.80,$40109.42,3535626700703572,$38013.92
00-1357382,Bunker,Réservés,,$38131.02,$20343.80,3529073505457203,$40908.01
81-1070941,Coddrington,Märta,,$23743.38,$43407.37,5602228832546574,$10996.51
54-3106472,Eilhermann,,feilhermann8c@myspace.com,$12392.63,$29152.82,633422141135645828,$33060.04
68-9292347,Sinncock,Audréanne,zsinncock8d@nymag.com,$8124.65,$47081.29,5038675593585447009,$29985.92
93-4927627,Birkby,Rachèle,dbirkby8e@a8.net,$36781.55,$41680.36,5048376707432321,$26644.24
28-4806393,Hancock,Léane,fhancock8f@arizona.edu,$36916.75,$36012.47,4175006223127422,$13383.97
53-7487857,Gerauld,Chloé,sgerauld8g@bizjournals.com,$49500.05,$30124.47,3575912474107963,$21198.11
11-6191692,Cowles,,tcowles8h@yahoo.co.jp,$7493.66,$48679.95,6334613784444344647,$4355.23
99-4575185,Sweetsur,,ssweetsur8i@taobao.com,$38896.90,$33849.91,5641823744697676249,$16576.33
11-5454751,McCaig,Nélie,,$38014.11,$15792.27,3554793594847851,$3819.53
54-7713417,Mayward,Noëlla,jmayward8k@springer.com,$11482.81,$29366.89,30190681066869,$46698.70
56-5840004,Lintill,Adèle,llintill8l@over-blog.com,$21142.50,$20058.34,201872616707153,$32950.63
92-4657011,Harlick,Nadège,,$28081.01,$7763.99,6334389313303498,$34126.20
26-3870238,Spriggs,Gaétane,gspriggs8n@biblegateway.com,$36612.47,$39262.61,5893093434837088,$35938.36
22-8303750,Kareman,Maïwenn,jkareman8o@feedburner.com,$29500.29,$43672.17,30265622914730,$32720.36
88-4530381,di Rocca,Vénus,mdirocca8p@sakura.ne.jp,$19318.17,$21461.14,4903598730229534160,$44653.47
31-7692438,Broy,Loïca,abroy8q@list-manage.com,$24670.96,$19972.46,56022574791419096,$47723.68
33-9830553,De Cleyne,Alizée,bdecleyne8r@prlog.org,$26632.02,$5834.57,6304020937391518080,$24752.21
80-9679599,Jouning,Stévina,,$19685.58,$10127.02,560221487437514156,$13079.41
36-4116681,Dawidowitz,Alizée,vdawidowitz8t@liveinternet.ru,$7516.49,$14165.14,5602231122563614,$32887.64
41-6219341,Vreiberg,Mélanie,bvreiberg8u@ycombinator.com,$31731.59,$31331.11,30545074809656,$38268.03
54-7317926,Ferier,Marie-josée,,$3648.37,$1247.84,4328710153733325,$22858.94
66-1927581,Esmond,Göran,vesmond8w@cdc.gov,$3495.18,$46616.45,675924771844832061,$4577.73
23-1377036,O'Fogerty,,kofogerty8x@acquirethisname.com,$28863.27,$32798.61,6767776307210929716,$22016.74
01-8949680,Swyne,Irène,iswyne8y@sciencedaily.com,$44162.49,$18633.19,5311623109874463,$30013.24
54-9003250,Kale,Bécassine,vkale8z@engadget.com,$40339.78,$40896.85,3534855424176168,$28827.96
03-2818978,Sheardown,Solène,,$20569.34,$12532.11,3560653533771376,$22528.06
77-0387462,Gathercoal,Ruò,mgathercoal91@irs.gov,$21824.15,$37782.37,372301826949655,$16753.08
02-7364633,Drewet,Bénédicte,,$37982.98,$28618.91,4844924465529686,$1689.37
05-3434815,Abrashkov,Bérengère,eabrashkov93@cdc.gov,$13835.00,$14373.89,3569061843671867,$48958.87
51-0143285,Dibling,Vérane,,$41942.84,$9513.62,3584267040970306,$46774.15
63-2974567,McLinden,Vérane,mmclinden95@ucla.edu,$17234.47,$11998.00,3581843456679913,$40344.84
92-0471081,Losseljong,,flosseljong96@cnn.com,$28389.51,$11839.75,3541024295356935,$48269.90
02-6236406,Brazelton,Naëlle,hbrazelton97@earthlink.net,$15287.44,$2062.82,3559176328807885,$24974.24
15-3062560,Chattington,Naéva,,$44969.58,$28165.71,5602251795043595,$11149.94
23-4044710,Bernardes,Börje,hbernardes99@soup.io,$23161.12,$1368.34,3535264099214934,$39640.18
58-9790358,Imlin,Aloïs,dimlin9a@illinois.edu,$5773.41,$20056.73,6767236803173277,$33307.49
25-6170344,Eyton,Andréa,aeyton9b@ucoz.com,$35481.90,$40354.61,5602255183557405,$29610.84
63-1624967,Grestye,Gisèle,kgrestye9c@spiegel.de,$23253.91,$2363.69,3565974305228881,$13774.21
21-3746265,Clinning,,aclinning9d@bigcartel.com,$47887.48,$28528.17,3535753014870341,$21400.67
54-2667695,Samweyes,Lucrèce,rsamweyes9e@pagesperso-orange.fr,$12110.38,$18976.25,6767908687234918,$49296.87
17-1377645,Cazin,Angélique,ecazin9f@house.gov,$38270.71,$39960.33,3577752318744896,$36525.72
74-7063322,Bullocke,Marie-josée,kbullocke9g@issuu.com,$27569.38,$48475.07,3567719275836801,$25683.44
58-8827506,Iacovucci,Táng,giacovucci9h@soup.io,$20898.51,$31489.71,372301562438624,$29141.97
58-2059491,Giddings,Bécassine,pgiddings9i@cisco.com,$31674.37,$27239.49,3581438824375748,$16651.83
65-2921286,Fihelly,Geneviève,,$22178.29,$29920.06,67069519717856534,$41151.58
37-2559603,Tremlett,Tú,htremlett9k@rediff.com,$20302.22,$36355.33,3583873568309875,$13613.78
23-6312706,Thecham,,cthecham9l@fastcompany.com,$13374.22,$8446.61,5641828116742071,$28390.42
46-4039110,Gallie,Aurélie,,$45603.70,$18903.21,5010127214701060,$25749.81
45-7158440,Chasier,Edmée,fchasier9n@histats.com,$21998.23,$16389.45,4041596530839547,$5692.56
30-2941877,Lahrs,Méline,blahrs9o@alibaba.com,$18015.40,$29613.85,3584647427172750,$48940.14
52-4529032,Startin,Daphnée,lstartin9p@networkadvertising.org,$38287.61,$19379.01,5048378327063197,$5249.36
61-0568986,Shelley,Célia,,$26764.78,$40961.97,5007666511712598,$41919.18
51-8428628,Tames,Liè,gtames9r@privacy.gov.au,$29510.23,$13659.50,3561167855129203,$26890.21
62-2856007,Brettell,Lorène,nbrettell9s@nifty.com,$30039.20,$41802.74,5010129963521616,$26446.97
07-2617857,Dibnah,Estée,wdibnah9t@stanford.edu,$36375.15,$39878.33,30218072606660,$22966.60
81-8483643,Ovill,Garçon,aovill9u@biblegateway.com,$33445.94,$17411.87,3589693758314392,$18580.05
72-3118743,Robelin,Garçon,wrobelin9v@edublogs.org,$31634.82,$48795.07,5530404303951323,$9345.95
48-6584793,Hayne,Aurélie,ahayne9w@tripadvisor.com,$34072.09,$33672.50,560221970526547971,$21465.07
67-5215822,Flecknoe,Tú,kflecknoe9x@rediff.com,$18654.77,$31634.43,3583339006559984,$15168.55
60-9582291,Applin,Cécilia,japplin9y@businessinsider.com,$9202.60,$8671.95,3533270565773826,$23781.57
36-5153003,Binnell,Thérèse,abinnell9z@sitemeter.com,$42930.24,$31453.10,3534007738077035,$13112.63
21-0323718,Gehrtz,Tú,bgehrtza0@gmpg.org,$47116.05,$49938.83,3547549353002165,$33670.38
65-3325285,Shirland,Östen,cshirlanda1@about.me,$5292.02,$26618.35,3532394851547784,$1588.15
35-4964720,Petrovsky,Réservés,kpetrovskya2@nbcnews.com,$46402.27,$48381.27,30106975212555,$32029.17
97-1123046,Farndale,Michèle,dfarndalea3@altervista.org,$24592.51,$15359.55,3561227384981324,$43387.42
05-6535613,Nisen,Réservés,fnisena4@php.net,$45720.83,$15879.50,5610476807375988,$24043.95
34-2421877,Lamprecht,Lài,zlamprechta5@purevolume.com,$23991.47,$21361.81,4175006856851389,$3983.24
95-2017499,Durrant,Dorothée,kdurranta6@wikia.com,$39528.74,$40638.05,4508890334520908,$38575.92
57-8213606,Currom,Cléopatre,tcurroma7@wikispaces.com,$11608.61,$10419.93,3561251763683731,$33985.25
66-3723691,Mc Kellen,Dafnée,,$19054.35,$11151.42,3547074717632987,$21132.81
90-5748457,Benedicto,,rbenedictoa9@fc2.com,$9556.13,$45206.61,50380595928159718,$18139.01
68-0510485,McCullock,Bérénice,nmccullockaa@issuu.com,$4143.54,$5292.94,3531388667491097,$48226.59
83-7187904,Bossel,Mélissandre,pbosselab@mozilla.com,$9781.80,$36762.80,4903277015381894,$31459.84
43-0627002,Allix,Pò,callixac@noaa.gov,$48384.55,$37979.31,3567849114033763,$8630.78
93-5174426,Keely,Lauréna,,$10856.88,$1202.89,67597907157356480,$20394.69
09-9636591,MacFadden,Cécilia,cmacfaddenae@sphinn.com,$8965.81,$46440.90,3569459126761795,$47611.70
99-2317212,Bravery,Marie-hélène,gbraveryaf@wordpress.com,$38925.82,$2218.15,670647564757068436,$20730.50
47-6597240,Narramore,Nuó,pnarramoreag@shareasale.com,$45117.13,$16744.28,374288120671564,$12732.69
34-4267361,Pitkaithly,Anaé,ppitkaithlyah@jimdo.com,$42812.50,$40385.69,3536085796899951,$46544.70
84-5733195,Pridding,Almérinda,fpriddingai@xinhuanet.com,$1877.32,$35155.63,3575292421498660,$29821.89
65-5786476,McGall,Lauréna,fmcgallaj@home.pl,$13317.69,$40808.42,30083365999887,$5187.38
31-0519488,Biaggioni,Océane,abiaggioniak@godaddy.com,$28769.18,$41933.67,5893516778523989,$19338.48
51-9926025,Svanetti,Méthode,,$49276.93,$39223.93,3555532283019458,$36505.46
12-1885951,Mulcaster,Tán,cmulcasteram@uol.com.br,$35381.91,$3018.18,4913860426951286,$47233.16
40-2415529,Slaney,Kévina,lslaneyan@arizona.edu,$10481.50,$34009.09,5048376294079378,$25058.78
91-9341773,Vayro,Loïca,,$31848.20,$41432.77,3572343824752360,$25635.47
73-8855765,Belison,Réservés,jbelisonap@sfgate.com,$25353.97,$38864.28,3543661077494679,$29679.87
36-0981341,Gullis,Bécassine,lgullisaq@harvard.edu,$31164.23,$39257.94,30531101866414,$9761.19
01-0949140,Basilio,Clémence,cbasilioar@comcast.net,$16559.42,$20145.12,560225658955908915,$44277.86
82-1075615,Gencke,Gérald,agenckeas@mediafire.com,$37512.02,$47566.05,347950943050938,$22884.15
44-3142704,Kelling,,dkellingat@ehow.com,$9448.10,$24493.45,3543477116810407,$16208.05
10-8466093,Romagosa,Nélie,iromagosaau@ameblo.jp,$24004.45,$29611.06,30359269651133,$35653.44
08-8340810,Knibbs,Marie-ève,bknibbsav@hc360.com,$18641.89,$41508.74,58935221964212419,$12944.36
16-2727700,Burdett,,aburdettaw@merriam-webster.com,$46598.38,$5227.30,3557308215762020,$23963.95
46-1519648,Youle,Andréanne,byouleax@salon.com,$14427.84,$33842.48,6771365099455099201,$48116.16
01-6480819,Banner,Béatrice,,$32008.67,$15145.20,201867259470705,$18972.41
18-7692232,Fincke,Naéva,sfinckeaz@sciencedirect.com,$27406.22,$45301.62,589369309494431143,$46410.41
17-2122006,Melloi,,tmelloib0@shutterfly.com,$22381.56,$23593.98,30017200633327,$23521.90
48-8188194,Argue,Marylène,sargueb1@fema.gov,$13401.13,$11022.18,6767048308462513,$44357.71
86-1509838,Sapseed,Liè,gsapseedb2@accuweather.com,$8888.18,$48812.22,5018562493805996,$33205.69
63-2051845,Ohms,,dohmsb3@xinhuanet.com,$27205.79,$49814.65,3549835542361317,$45272.32
68-6253582,Fleeming,Pénélope,ffleemingb4@slate.com,$6880.22,$49618.88,4042535391237,$16154.65
12-5977351,McQuade,,rmcquadeb5@businessinsider.com,$26241.23,$22173.72,346708667660378,$15942.12
68-7311794,Ferriby,Angélique,aferribyb6@netlog.com,$23960.00,$35371.44,3550694731018188,$10600.03
90-8161834,Ciabatteri,Geneviève,mciabatterib7@deviantart.com,$5480.08,$33506.97,3565147522150218,$21216.26
08-1004902,Salzburger,Mårten,bsalzburgerb8@fotki.com,$8404.06,$13982.71,3533257910944384,$5767.22
18-3075511,D'Alesio,Méline,ydalesiob9@google.es,$9869.17,$45771.01,3570424649950264,$20158.83
25-2715442,Dorling,Véronique,,$32260.62,$19228.31,560222602423265204,$45346.48
33-6748729,Grent,Estée,vgrentbb@live.com,$46811.91,$5050.65,3542351489701967,$43227.95
42-5848491,O'Bradain,,cobradainbc@si.edu,$27868.42,$13754.66,3579764682202482,$38068.04
22-0986728,Deeble,Åke,gdeeblebd@oakley.com,$30101.16,$46185.65,4026623753586891,$42824.27
54-1431458,Pidon,Clémence,gpidonbe@mysql.com,$46375.35,$49998.77,6709434525248433,$41766.88
67-2581317,Erett,Örjan,,$44076.29,$12432.32,5602235260635308,$2187.79
85-9576625,Huniwall,Athéna,nhuniwallbg@ow.ly,$43916.83,$27532.92,3560915146216010,$6692.16
55-7666530,Tague,Lauréna,ataguebh@mac.com,$18155.78,$31017.06,3581468059233668,$20023.17
40-8135154,Leech,Yè,mleechbi@bluehost.com,$10599.94,$24447.53,490329235613767267,$36811.67
79-3868672,Lamke,Annotée,hlamkebj@geocities.com,$44008.26,$19817.34,374622743730409,$17050.23
76-3635216,Hauxwell,Clémentine,ehauxwellbk@cbsnews.com,$11446.24,$45362.50,5038643418694159544,$38854.87
75-8176893,Rubinovitch,Thérèse,arubinovitchbl@cloudflare.com,$5010.34,$31947.45,3551738214106462,$49178.09
65-0789410,Fellon,Eléonore,rfellonbm@facebook.com,$3374.15,$47540.12,3579624124291602,$18900.46
31-2697327,Kubica,Hélèna,wkubicabn@sphinn.com,$8811.99,$8423.59,3565577091490563,$49572.87
48-7336607,Meikle,Eléonore,tmeiklebo@bloomberg.com,$7624.03,$46880.54,4026271617252522,$35805.49
54-2184392,Ashburne,Méghane,hashburnebp@fda.gov,$9283.46,$44508.19,4913763188242193,$47387.08
66-0858449,Gowen,Táng,,$38067.14,$42323.73,5100133262622746,$42288.33
33-0525680,Eustace,Anaé,,$26520.31,$33224.30,5602248057210706,$24707.21
57-1970426,Truce,Styrbjörn,,$40329.45,$44231.59,30413895013257,$22868.89
14-2184382,Glasspoole,Sélène,tglasspoolebt@i2i.jp,$31544.70,$27170.70,6388464697859566,$34850.53
35-4898955,Rishbrook,Kallisté,,$36160.44,$35632.22,3529948803085279,$31199.46
73-3312844,Huffa,Marie-noël,ahuffabv@goodreads.com,$18870.10,$10104.15,0604585388238302559,$20480.79
49-5291005,Tyre,Camélia,atyrebw@usatoday.com,$40079.24,$42074.01,67630590749096183,$32877.93
74-1385114,Dressel,Loïs,pdresselbx@foxnews.com,$2435.50,$40624.04,670954062785244555,$42182.77
51-6426934,Lademann,,plademannby@whitehouse.gov,$40397.02,$35879.61,3545994971976154,$34692.48
18-9819236,Shovelin,Laïla,mshovelinbz@unc.edu,$41939.18,$7876.76,4905632790329690,$45720.25
88-7522737,Yorke,Wá,lyorkec0@amazon.co.uk,$33847.54,$25011.26,30553580931519,$11517.40
09-0524381,Dallewater,,,$14147.89,$41971.55,50201612164654224,$27804.68
52-5085748,Endon,Camélia,gendonc2@dailymotion.com,$37489.53,$12566.24,3584499168843524,$23308.66
26-2678302,Garnson,Médiamass,bgarnsonc3@pen.io,$31824.61,$38929.04,5610568445396473,$34489.54
73-7205492,Ivanovic,Lài,iivanovicc4@ow.ly,$18692.70,$36169.88,6399266880110039,$37646.42
35-0976936,Knolles-Green,Eliès,jknollesgreenc5@microsoft.com,$4962.60,$22312.76,3538962791943810,$38356.27
01-6092521,Costi,Maëlys,kcostic6@dailymotion.com,$44184.49,$22062.58,6767474150267938700,$10908.32
67-0817051,Pamplin,,ppamplinc7@spiegel.de,$12013.71,$43815.80,3556917416862909,$4191.83
06-7673434,Jerisch,Nadège,ijerischc8@admin.ch,$9100.07,$38581.81,5160693639895595,$32843.33
12-7906531,Foulcher,Maëlle,mfoulcherc9@aboutads.info,$40293.72,$32572.70,3589042621032130,$24904.78
96-1692525,Goshawk,Gérald,kgoshawkca@craigslist.org,$20317.62,$11693.06,3547030464158550,$21617.21
82-9474329,Dixie,Estève,,$18083.03,$34651.55,374283791651052,$35219.16
25-6402022,Dran,Estée,mdrancc@ted.com,$43386.20,$49105.70,3565023865620978,$9910.05
57-1052295,Tithecott,Océane,rtithecottcd@pinterest.com,$18373.70,$27925.98,201768737481498,$28606.15
96-2995999,Staite,Dù,jstaitece@ed.gov,$26269.83,$31293.68,5602242461512930348,$34695.04
43-4055918,Minigo,Laïla,mminigocf@blogtalkradio.com,$6973.54,$8734.57,3575701867812499,$46819.48
59-1300479,Hawarden,Erwéi,mhawardencg@cocolog-nifty.com,$40341.95,$38577.84,3549648033758143,$44974.67
85-6824479,Blemings,,rblemingsch@nationalgeographic.com,$9705.94,$1202.15,342893808814714,$41819.59
90-4919313,Keneleyside,Gösta,,$43645.51,$38640.26,675969350601019059,$9259.36
03-2526387,Hubbert,Maïlis,dhubbertcj@nydailynews.com,$13398.10,$14688.50,3530700318902812,$11282.47
47-6408585,Byers,Maïlys,,$1615.83,$7899.80,30054780929205,$19203.15
02-1992904,Skala,Nuó,cskalacl@umich.edu,$15318.40,$17851.34,5602210703464491,$41727.32
55-5046059,Errichi,Mylène,,$20510.57,$36645.24,5100144473693947,$19977.17
23-1856120,MacRitchie,Océanne,bmacritchiecn@japanpost.jp,$6121.05,$38799.95,3589521286996424,$24723.48
94-9512262,Bondy,Josée,gbondyco@google.co.jp,$18615.41,$44250.41,5505275815529117,$8683.91
96-3002853,Oultram,Edmée,loultramcp@nifty.com,$14076.93,$36824.01,3528482029440119,$42495.97
33-6144120,Feary,Angèle,,$17958.01,$48280.30,6304609942757842974,$13076.50
68-0612511,Normadell,Audréanne,snormadellcr@cdc.gov,$5511.17,$17091.71,201630339706344,$49837.59
98-0706707,Cattlow,Léone,,$25323.38,$34880.34,30540821429304,$32446.95
30-2762334,Beernt,Bérangère,,$31423.97,$39991.21,3529514038636615,$43894.09
06-2089262,M'Quhan,,cmquhancu@seesaa.net,$5337.52,$44176.98,060454212976498200,$12632.18
00-8116924,Crevy,Eléa,,$12522.08,$32978.85,3538716356026563,$20318.54
42-6470836,Dodding,Geneviève,bdoddingcw@twitpic.com,$13749.03,$33108.51,5641820406196076,$2006.80
74-1178087,Lightwood,Nuó,jlightwoodcx@vkontakte.ru,$30967.50,$5441.42,3578220428005755,$42675.35
16-6818864,Tinto,,ttintocy@ifeng.com,$14595.95,$1641.07,6385255818659155,$44480.39
22-3962985,Creffeild,Mélinda,,$49522.65,$31622.34,4917648624905931,$11263.19
33-7208052,Villa,Anaé,pvillad0@sphinn.com,$39281.22,$7157.80,3587677631903762,$45944.27
71-6776905,Dunne,Gaïa,gdunned1@patch.com,$41408.63,$13945.79,5427590474375825,$14050.29
02-6486623,Lerer,Åslög,llererd2@cafepress.com,$25684.06,$4513.92,4844276927683027,$35897.36
61-4913719,Gilder,,agilderd3@reuters.com,$5248.97,$37475.76,5524119412513974,$31817.37
55-1567645,Haps,Méghane,rhapsd4@feedburner.com,$45566.69,$6631.96,3534294484882491,$26801.93
32-1909422,Bedberry,Maëlann,,$41711.75,$10508.33,5602220057442779,$18319.05
88-5543465,Puffett,Maëlys,upuffettd6@fda.gov,$28787.39,$42839.35,3576941395837597,$25575.92
37-7877184,Bloyes,Laurène,mbloyesd7@deviantart.com,$21699.44,$34371.12,3578154968176744,$29185.54
33-1803926,Darco,Irène,mdarcod8@typepad.com,$5501.81,$30993.02,3580303504883869,$39081.73
54-5735894,Wealthall,Kuí,kwealthalld9@de.vu,$16636.67,$26661.42,3543755043206413,$43250.13
54-3263784,Bolus,Amélie,,$32964.74,$46777.14,670964414535251729,$32810.51
70-2816194,Affleck,Nélie,caffleckdb@msn.com,$26402.92,$35637.58,5602224408289913,$22050.14
02-0419399,Pressdee,Tán,kpressdeedc@wordpress.org,$6616.24,$13041.66,201954373633275,$16346.67
20-3560965,Cyson,Personnalisée,,$34932.98,$28356.36,06049333786652342,$47780.40
75-1506543,Addlestone,Laïla,paddlestonede@arizona.edu,$22204.08,$6612.69,36378694196195,$27295.85
65-7739003,Asker,Liè,easkerdf@businesswire.com,$6058.75,$28832.53,3552159131517419,$47263.60
51-3939712,Farrow,Yú,mfarrowdg@wikipedia.org,$21535.86,$49413.35,3566858560563133,$34284.21
94-5434183,Worsell,,gworselldh@upenn.edu,$27303.88,$11757.34,5020160979756967505,$35974.64
72-4390377,McNay,,vmcnaydi@hatena.ne.jp,$34052.96,$37062.29,3560251784203601,$10814.10
83-4912947,Pershouse,Göran,bpershousedj@51.la,$5057.34,$17423.82,4026818107804228,$23467.78
06-3703347,Plett,Maëlyss,mplettdk@indiegogo.com,$3796.85,$45125.95,201943641727001,$47262.95
80-1112168,Poletto,Mahélie,,$34076.82,$14791.44,3541913803634496,$38945.80
44-5706472,Messer,Almérinda,amesserdm@earthlink.net,$35853.11,$2234.62,3561163789723658,$48286.30
72-4429480,Ollive,Solène,,$49242.17,$33628.34,3586164496962614,$45496.26
98-9603668,Langhor,Maëlle,slanghordo@shutterfly.com,$6837.41,$46403.31,6759723030083957,$33759.22
43-2026269,Pawden,Léana,,$14104.80,$46830.13,5375022794735563,$12059.57
56-2461423,Rudkin,Gaëlle,drudkindq@istockphoto.com,$6632.75,$11036.38,3533157539468486,$16855.63
72-6296143,Dillinton,Annotés,jdillintondr@pen.io,$1688.92,$32978.37,3583662813163017,$29262.17
28-8475309,Ondrusek,Réservés,dondrusekds@cornell.edu,$29131.05,$3311.01,3532776406003026,$29073.48
32-0424991,Marshalleck,Gaétane,,$17883.79,$14388.81,3582772599806134,$3457.71
44-5534900,Merrywether,Daphnée,amerrywetherdu@shinystat.com,$18251.48,$30756.84,5566326862652959,$21917.06
56-6350563,Cupitt,Andrée,icupittdv@discovery.com,$4452.40,$31044.47,30280291461715,$37625.29
78-1605807,Kildale,Mà,wkildaledw@twitter.com,$31273.21,$29547.49,201671608289430,$27341.42
47-2177465,Dorgon,Célia,cdorgondx@hc360.com,$28013.30,$34236.24,5518276139280291,$8711.26
32-3168020,Anten,Mà,cantendy@tripod.com,$11557.78,$46255.49,675968926319268749,$26266.49
51-4907579,Barratt,Gisèle,tbarrattdz@amazonaws.com,$32864.06,$26164.06,5010127821139019,$26998.14
23-8592587,Fielders,Kù,cfielderse0@weibo.com,$1707.22,$13729.06,67099470598796023,$48595.82
14-1997877,Corser,Táng,dcorsere1@printfriendly.com,$9455.45,$12112.50,3536765841924231,$46516.31
96-1055827,O'Donohue,Clémence,godonohuee2@dion.ne.jp,$30431.31,$27689.70,3568205892775290,$37424.47
96-9952383,Sandison,,bsandisone3@bloglovin.com,$7830.38,$21505.73,36665032963413,$26317.69
93-1546288,Kimbell,Yè,jkimbelle4@com.com,$43923.09,$30767.78,6304155103698140188,$23240.85
19-7226624,Claw,Mélinda,hclawe5@yelp.com,$17519.02,$15237.28,36483022547612,$10972.83
83-3866268,Ginman,Françoise,dginmane6@deliciousdays.com,$25966.81,$12808.91,4903473236876557512,$18359.54
93-1167595,Shoemark,Méryl,hshoemarke7@cisco.com,$22098.27,$26779.37,3539566083251656,$23662.96
54-3853482,Massie,Estève,tmassiee8@va.gov,$26300.68,$6347.28,4905816020956925331,$13617.53
28-7691386,Ricket,Faîtes,prickete9@msn.com,$36135.52,$26504.12,5007668595313574,$42859.51
26-7941286,Peerless,Laurélie,rpeerlessea@macromedia.com,$46729.03,$30513.73,3542232738290129,$20070.33
29-6980263,Overel,Mylène,sovereleb@noaa.gov,$46964.53,$22836.67,3575557669975425,$5294.04
29-4530635,Eseler,Maëlann,beselerec@guardian.co.uk,$8034.20,$20659.46,4874959844329,$13311.23
69-6310073,Desforges,Annotée,ddesforgesed@hexun.com,$21271.22,$28791.89,5108753634846327,$28237.77
58-9934332,Lettson,,,$17277.96,$34766.78,6394019360523394,$28106.11
45-5573961,Gligori,Gösta,ngligorief@marketwatch.com,$2890.49,$9449.70,374288374171220,$30363.21
77-6567956,Sinnott,Lóng,ssinnotteg@imageshack.us,$27954.40,$13075.66,5007669187390335,$31659.61
57-3076720,Scohier,Östen,gscohiereh@jiathis.com,$17256.42,$37899.50,3580061209125230,$21705.62
53-1927384,Stitcher,Naëlle,gstitcherei@pcworld.com,$8072.95,$12212.54,3534526987611996,$12464.38
43-0289821,Gready,Desirée,,$11691.03,$1996.88,675975953477234058,$46875.76
77-4291683,Pollok,Tán,spollokek@microsoft.com,$2790.42,$29209.82,3589286790527228,$45714.38
63-5427411,Coch,Lén,,$21927.84,$30495.67,3534526963881589,$13751.19
02-1771035,Skydall,Görel,gskydallem@icio.us,$47574.60,$11835.81,4026588034023743,$25041.73
00-3042168,Muirhead,Desirée,lmuirheaden@economist.com,$4420.02,$16880.12,3567981407214352,$14547.99
27-0354536,O'Lyhane,Gwenaëlle,aolyhaneeo@ucla.edu,$34350.61,$28857.53,3540456937143167,$3587.71
03-7916848,Pentelow,Solène,apentelowep@pcworld.com,$32108.96,$1130.88,5010127860594603,$31448.81
27-6240270,Wison,Naéva,awisoneq@cbsnews.com,$10165.00,$13127.39,3543514109175974,$7486.13
62-1584448,Davley,,jdavleyer@ycombinator.com,$28648.84,$7346.16,3548557544413364,$39882.60
67-9657426,Filipczak,Andrée,cfilipczakes@wikia.com,$7352.65,$13237.07,3542393297201749,$35037.28
21-2189079,Winchurch,Estève,,$25515.22,$36990.19,564182825235351850,$46796.02
44-4519026,McWilliam,Aloïs,cmcwilliameu@soundcloud.com,$18055.17,$29856.54,30281620430173,$7272.43
19-9812716,Dedon,Táng,jdedonev@ycombinator.com,$43691.26,$7755.14,5400542486130822,$41978.92
93-1297030,McElwee,Zoé,wmcelweeew@nps.gov,$48180.82,$40362.82,3561847720207801,$10153.93
28-5107432,Locksley,Dorothée,llocksleyex@wordpress.com,$43751.34,$24654.97,3536174387662349,$4564.56
70-4346883,Banford,,gbanfordey@a8.net,$35337.41,$27350.76,3574512281470330,$22317.47
97-7664359,Nekrews,Océane,cnekrewsez@google.com,$6260.13,$29221.89,3547716370275336,$2813.43
39-6703796,Munson,Adélaïde,cmunsonf0@baidu.com,$47025.27,$48582.78,30000043155633,$5670.43
85-7083962,Benny,Nélie,,$37214.79,$40582.21,5602222787417709,$32194.09
70-4741404,Kielt,Garçon,kkieltf2@vinaora.com,$18980.91,$12842.06,5100143770059836,$27105.19
43-5703024,Pittem,Océane,mpittemf3@cnet.com,$41700.13,$42404.42,3567251446992651,$23872.22
85-3946300,Benitez,Clémence,abenitezf4@purevolume.com,$42112.55,$26683.80,372301309853473,$49414.79
62-4681456,Hainsworth,Mahélie,bhainsworthf5@salon.com,$31109.62,$15406.41,4911327942275502733,$24504.63
22-3334089,Culshaw,Wá,yculshawf6@xrea.com,$19166.84,$33342.07,6371693907838510,$25516.08
79-7141815,Cherrie,Maïlis,scherrief7@timesonline.co.uk,$23473.89,$35534.47,560222186449077959,$15947.41
93-3891037,Zamora,Anaïs,azamoraf8@tumblr.com,$7481.91,$36144.34,201657713181471,$40338.88
59-9361437,McClean,Agnès,cmccleanf9@51.la,$45319.89,$43210.19,3547510719590913,$48708.63
81-6377764,Mc Comb,Daphnée,hmccombfa@furl.net,$11921.13,$47355.30,5545280917427733,$21482.59
69-7048745,Aicheson,Marie-thérèse,naichesonfb@google.com.hk,$46796.21,$22261.10,3546835542136985,$5396.08
22-7792746,Ruprechter,Clémence,,$33394.46,$18182.79,3571249314252442,$4862.94
96-1444770,Couroy,Salomé,,$47391.82,$39580.83,3536272391866177,$20374.59
36-4940709,Cassells,Styrbjörn,scassellsfe@list-manage.com,$2408.50,$40033.98,5602213637738683,$35062.51
66-2075619,Bener,,cbenerff@example.com,$29966.40,$16975.82,374288834871724,$30495.52
01-7813673,Fenelow,Anaé,,$40982.74,$36391.56,201952782057086,$36993.34
20-9509199,Sabie,Styrbjörn,csabiefh@friendfeed.com,$26202.64,$13896.91,3540848593568259,$20641.64
50-7440438,Dunford,Uò,adunfordfi@vk.com,$38751.93,$4318.81,3557477146685616,$44573.73
00-3200356,Reily,Björn,,$29404.49,$33386.16,3541123247678717,$12054.66
62-9401457,Fowells,Marie-françoise,sfowellsfk@reddit.com,$15005.38,$4848.24,5108759226188580,$32287.11
65-4752927,Riccardini,Néhémie,rriccardinifl@blogtalkradio.com,$20172.35,$4972.78,3573645517158245,$9099.74
62-3594079,Muffen,Maïté,dmuffenfm@soundcloud.com,$9801.50,$30780.33,3558055820474371,$19887.33
99-4322275,Brett,Mén,hbrettfn@reddit.com,$22258.31,$29748.04,490507075593920443,$48378.75
50-0952290,Guare,Andréanne,,$20615.92,$40845.19,201411330582053,$9774.22
73-6438275,Bossel,Séréna,nbosselfp@seesaa.net,$3547.62,$47719.56,3561363344471674,$5364.52
12-2755474,McColm,Uò,emccolmfq@arizona.edu,$1319.42,$14725.02,3570249767093435,$34312.45
48-3188003,Menier,Ruò,dmenierfr@domainmarket.com,$35607.32,$32415.14,3564317167768472,$45898.83
25-5897756,Bresman,Cinéma,,$37689.45,$29436.47,36859831270449,$17740.14
86-5956599,Caudell,Méryl,bcaudellft@addtoany.com,$28963.92,$38644.68,3575502758617538,$23057.94
57-6254515,Tennock,Adélie,mtennockfu@discuz.net,$44333.43,$19579.33,6331104157093334,$16610.23
58-4253146,Bourner,Véronique,abournerfv@cloudflare.com,$6002.20,$1259.90,5100171357836615,$4678.57
79-7958895,Cosstick,,jcosstickfw@delicious.com,$11195.04,$42339.70,4508452700151113,$17484.83
73-8570840,McClarence,Görel,,$37222.54,$46488.66,201647437525194,$25795.16
69-2441608,Treadgall,Marie-josée,ctreadgallfy@prnewswire.com,$4826.48,$12965.30,3545410763026579,$17765.35
66-8730577,Bennington,Frédérique,wbenningtonfz@qq.com,$4733.60,$23137.75,490306658881562069,$20565.59
88-2454189,Gookey,,wgookeyg0@uiuc.edu,$2687.63,$9448.41,6709508936384163632,$46111.08
87-1241309,Alyonov,Táng,aalyonovg1@msu.edu,$30420.27,$39794.63,30192240920099,$29803.84
10-7602702,Regitz,,bregitzg2@sogou.com,$42727.43,$18716.25,3583260243820270,$5153.82
45-2656421,Carreyette,Laurène,tcarreyetteg3@squidoo.com,$47052.72,$34723.23,30148921789286,$36993.43
97-5976022,Glisenan,Dà,tglisenang4@yahoo.com,$5843.71,$28568.76,3528697615698032,$7434.97
00-3842263,Rivers,Miléna,eriversg5@sun.com,$46239.74,$4416.87,201701407841352,$38984.50
29-8917017,Dunlop,Médiamass,ldunlopg6@networkadvertising.org,$7594.34,$5939.00,5893339798061771949,$4506.72
18-8793822,Fryers,Håkan,,$31870.74,$43444.92,6385880619005314,$31112.62
78-9751627,Deason,Ruò,hdeasong8@vinaora.com,$4158.57,$23385.92,5020011646953055209,$22664.88
56-4555401,Wilkins,,vwilkinsg9@histats.com,$48363.18,$4813.52,5172258247157352,$24394.87
84-3330109,Martschik,Dorothée,mmartschikga@harvard.edu,$25881.43,$23065.87,6759786764183913,$16505.37
75-0039854,Ondricek,Frédérique,aondricekgb@sourceforge.net,$20932.23,$44700.00,3560942886307619,$34190.27
67-8707560,Janic,Angélique,rjanicgc@scientificamerican.com,$20171.91,$1793.51,3529306117234275,$10900.39
91-1411775,Olivier,Yóu,goliviergd@lycos.com,$30504.43,$2805.57,3546852558039003,$34917.28
72-8726405,Bagnal,Françoise,bbagnalge@studiopress.com,$48200.61,$9891.28,6394352608557050,$33441.08
48-4135582,Vynoll,Mégane,mvynollgf@nifty.com,$18099.52,$25916.88,3534125861617771,$38406.82
63-3949761,Aiskrigg,,eaiskrigggg@shutterfly.com,$29428.44,$29857.74,3582934143107787,$11177.46
23-7004715,Stilwell,Bécassine,,$20614.03,$46706.17,3548270010343285,$21173.83
62-2283100,Dey,Gaétane,ideygi@domainmarket.com,$40021.63,$44365.69,67626655205826526,$48508.68
76-5134626,Ledekker,Kuí,mledekkergj@latimes.com,$37734.74,$18080.03,3554440824389375,$29241.26
49-9929957,Haysar,Måns,ahaysargk@friendfeed.com,$14311.17,$31853.87,3561571044558133,$29393.59
99-7089694,Galliver,,tgallivergl@omniture.com,$7926.33,$40076.73,3545737052722637,$41352.61
22-9125421,Meece,Geneviève,dmeecegm@de.vu,$46407.91,$48094.46,3580616557501561,$48407.24
94-3248025,Chritchlow,Léone,kchritchlowgn@topsy.com,$4878.69,$43712.96,30117417412927,$39825.45
23-4670838,Arni,Angèle,karnigo@cyberchimps.com,$29516.67,$36723.20,3535362646205767,$15957.90
12-2238947,MacMenamie,Réjane,hmacmenamiegp@ft.com,$8611.32,$19348.96,3575650083685355,$16082.58
85-6541148,Witherdon,Camélia,vwitherdongq@webs.com,$49633.30,$33712.33,3533664858461406,$33694.33
52-4625041,Merrin,Erwéi,rmerringr@meetup.com,$34433.88,$40954.64,4913559051643370,$31956.36
17-0680234,Ruperti,Marlène,crupertigs@archive.org,$42333.90,$42179.59,5610488221529892,$33391.79
09-5046527,Foulcher,,rfoulchergt@mayoclinic.com,$23932.18,$3958.72,4508686599121709,$32313.44
83-8061139,Rojahn,,brojahngu@kickstarter.com,$48973.15,$41873.95,3556285394887797,$46613.05
78-3255631,Naton,Miléna,lnatongv@tamu.edu,$43494.72,$49385.40,337941350877006,$13318.62
16-3110696,Mendus,Lyséa,jmendusgw@creativecommons.org,$8290.69,$27247.86,5602234556985741,$43983.33
33-6283028,Brosius,Måns,tbrosiusgx@census.gov,$39646.92,$29142.22,3549653638606382,$33377.49
49-4935628,Anderton,Nélie,dandertongy@shop-pro.jp,$34875.79,$43022.78,30546080580109,$30067.31
82-3024065,Cudmore,Zhì,,$33691.62,$24078.64,4911134362980417452,$11911.23
59-1028003,Fessler,Agnès,cfesslerh0@who.int,$23601.65,$13409.72,30598190427572,$3125.98
47-6990637,Worster,Östen,tworsterh1@seesaa.net,$27984.25,$23384.89,5602232389619560,$46704.35
26-9591583,Osband,Eliès,kosbandh2@nyu.edu,$32627.58,$42896.28,3555066578336202,$35907.88
51-8366201,Rubery,Méryl,kruberyh3@scientificamerican.com,$4620.56,$41554.95,564182850686938898,$40562.08
52-7821646,Daspar,Estée,,$22032.80,$33179.51,6763127460058905184,$38935.61
05-2991140,FitzGibbon,Méng,hfitzgibbonh5@list-manage.com,$46317.90,$17250.28,3566099445712518,$20166.95
99-1626577,Severwright,,,$33397.18,$32017.69,560224987810097841,$47973.53
40-8063699,Huortic,Görel,zhuortich7@ucoz.ru,$25617.12,$21743.79,5048371530933314,$40247.33
28-0162111,Hegerty,,vhegertyh8@examiner.com,$27496.72,$21591.41,374283955203757,$21086.49
09-2255424,Allenson,Lucrèce,gallensonh9@upenn.edu,$17749.63,$32005.88,30188301598808,$32502.03
28-5606063,De Ambrosi,Léandre,,$4524.33,$33255.39,6384131026220992,$4595.77
72-6044567,Shaw,Stéphanie,vshawhb@nifty.com,$48034.41,$29388.82,6759831061816087615,$12114.06
14-6173688,Gleeton,Léane,fgleetonhc@e-recht24.de,$7846.38,$38772.79,30514797988015,$29341.71
15-1521368,Georgiades,Valérie,egeorgiadeshd@squarespace.com,$24105.79,$17297.24,5602253133744943904,$27661.97
44-5977528,Cashford,,gcashfordhe@indiatimes.com,$24973.02,$10656.39,201539050549926,$31456.79
79-1638978,Vawton,Tán,cvawtonhf@godaddy.com,$31944.39,$37905.53,6767878463436971,$21441.57
40-1094988,Edes,Cloé,ledeshg@eepurl.com,$24247.13,$23349.80,5610768119663469,$33811.38
37-6161421,Buffin,Bérangère,rbuffinhh@privacy.gov.au,$26452.60,$11547.80,5602254483263011842,$14285.13
78-2485470,Sterricker,Daphnée,ksterrickerhi@digg.com,$6889.87,$13765.16,67099945644910140,$31180.81
86-4560800,Stancer,Amélie,estancerhj@xrea.com,$29668.55,$10382.70,5038179476050192675,$4860.06
22-9234211,Hewes,Pénélope,dheweshk@engadget.com,$1629.20,$7738.74,501831804560272426,$10602.77
69-0114324,Whistlecroft,Mén,awhistlecrofthl@tuttocitta.it,$35687.39,$8425.07,3549923555256051,$18784.22
38-4244037,Pyson,Geneviève,vpysonhm@dmoz.org,$31582.48,$2078.22,5100148192395122,$5267.68
33-7068760,Giamitti,Publicité,sgiamittihn@irs.gov,$43836.77,$11476.48,5602242259343993,$46377.35
64-0025349,Krystof,Océanne,dkrystofho@abc.net.au,$25125.18,$35410.42,30255727607701,$17393.54
67-2924728,Barter,,hbarterhp@vinaora.com,$6750.37,$5809.18,5602227901074518,$38137.41
39-5053550,Brooks,,,$6575.17,$5342.52,4917342703945196,$1945.51
69-9425539,Antic,,lantichr@state.gov,$21373.32,$44449.97,3584651517765770,$39783.87
57-7939622,Carpmile,Mélina,ccarpmilehs@vistaprint.com,$43720.43,$33116.54,372800966155742,$23376.34
69-5414969,Traite,Marie-noël,jtraiteht@google.de,$25498.01,$43494.79,3583524525473490,$48856.99
02-1848778,Dory,,adoryhu@chron.com,$7485.47,$8636.82,3564925650419963,$43115.09
71-4199841,Danter,,tdanterhv@illinois.edu,$44267.18,$12091.63,3580798647842484,$31083.35
72-4436463,O' Faherty,Nuó,,$27120.98,$26758.97,5048377673011255,$33462.99
66-3327678,Endecott,Pélagie,mendecotthx@youtube.com,$11322.38,$3679.69,5100173508293134,$16446.85
76-1606272,Joyce,Léane,bjoycehy@people.com.cn,$15614.65,$19640.21,3559855145689739,$5104.54
30-6544873,Beche,,kbechehz@bbc.co.uk,$36424.66,$29622.07,4905442315258747157,$45295.34
12-9006550,Eustice,Björn,seusticei0@cargocollective.com,$33465.14,$44950.06,3572060773304114,$24383.83
71-6129281,Emps,Aloïs,kempsi1@elpais.com,$35504.18,$12315.43,3531898995414835,$2813.36
30-0412145,Prose,Märta,rprosei2@fc2.com,$17762.99,$27271.62,5440511423712127,$1002.40
46-4752463,Doghartie,Almérinda,pdoghartiei3@earthlink.net,$7283.35,$48906.92,3540648635621409,$16763.97
39-2582301,Vinten,Salomé,tvinteni4@deviantart.com,$36920.38,$32592.92,5007669729806798,$21448.31
33-7749119,Rowlett,Célestine,mrowletti5@dedecms.com,$8436.29,$6600.25,3567154262441573,$29513.12
76-8261868,Cordell,,ccordelli6@prnewswire.com,$2741.16,$27304.47,3578190992800073,$23851.82
28-1366628,Awin,Hélène,jawini7@joomla.org,$20113.67,$34844.30,5048375359568093,$36293.24
25-6896080,Thomas,Réjane,fthomasi8@sakura.ne.jp,$17589.75,$39187.91,5002359402664335,$13889.39
32-8400273,Balog,Andrée,cbalogi9@google.es,$39856.88,$18642.29,201652781516815,$20406.96
51-7312356,Robshaw,Sòng,krobshawia@naver.com,$19380.52,$37269.30,3560930687631725,$47314.45
70-7771643,Nock,Andrée,gnockib@cornell.edu,$36972.07,$29645.06,3568750490187661,$3536.62
81-0100699,Golda,Célia,egoldaic@amazon.de,$33758.36,$20041.60,5602236361816862,$23366.33
82-2378169,Scales,,sscalesid@guardian.co.uk,$38512.92,$47515.69,3579609385547503,$39701.01
14-0005459,Sanderson,,nsandersonie@nationalgeographic.com,$29145.45,$28333.17,5592039749078466,$17371.56
36-2897614,Mussettini,Illustrée,tmussettiniif@paginegialle.it,$34123.85,$6510.87,630428568794373732,$16117.67
70-7457210,Laweles,Andréa,,$24795.17,$5744.16,3571269592203180,$32293.44
61-3432634,Codling,Annotés,scodlingih@tumblr.com,$3321.92,$5112.22,3576178085516427,$12179.83
73-3081769,Chopping,Stéphanie,,$36024.32,$16140.29,5048378214795158,$13961.72
00-7564255,Skipping,Erwéi,,$46340.56,$24866.36,5602218714265070,$21664.59
95-2936253,Huburn,Jú,nhuburnik@ucsd.edu,$15846.90,$2185.55,370540064859892,$17541.54
26-4167920,Bottrill,Maéna,tbottrillil@blinklist.com,$42919.78,$13149.26,4913068397710695,$35619.15
25-7629362,Batten,Célestine,hbattenim@phoca.cz,$37824.74,$15877.25,3575739226028043,$7095.83
14-1671993,Castillo,Loïc,tcastilloin@umich.edu,$3851.49,$36123.41,201707432878699,$40842.11
09-7779764,Guilleton,Danièle,eguilletonio@china.com.cn,$16894.44,$9346.19,3580618934089153,$5658.42
27-7953081,Gabbat,Léane,,$1266.44,$46221.46,5007666303338586,$43601.22
48-2162311,Batistelli,Géraldine,dbatistelliiq@microsoft.com,$49245.81,$44073.43,6759652884723659,$40912.42
70-5114159,Milborn,Lài,,$5399.27,$8354.06,3575645678545352,$32310.71
04-5687754,Clewley,Nuó,sclewleyis@baidu.com,$41421.03,$2880.34,3579114891027629,$7128.06
21-5586360,Diment,Mà,,$48244.49,$26282.59,5100144084489537,$18810.71
87-9762993,Henaughan,Gaïa,ahenaughaniu@netlog.com,$23569.12,$41078.38,4405129506975119,$46851.18
71-2547672,Clements,Yénora,,$25319.24,$42508.55,5100170229131718,$28581.46
29-3434940,Riepel,Judicaël,griepeliw@npr.org,$46287.07,$39177.91,5002352079229243,$6679.11
27-4207175,Hewson,Yè,bhewsonix@microsoft.com,$34229.45,$23484.54,3570839951305346,$44830.08
54-1771076,MacKniely,Ruò,amacknielyiy@skyrock.com,$16434.28,$11989.45,3548022325944392,$13426.99
25-5034166,Mibourne,Eléa,gmibourneiz@e-recht24.de,$36507.28,$28525.03,3555745820335522,$5250.96
46-0385052,Crosston,Maïlis,acrosstonj0@nationalgeographic.com,$35541.84,$42609.31,3553417645199622,$48774.98
42-2669835,Halbard,Géraldine,khalbardj1@cbc.ca,$46139.04,$4585.12,4917952545362309,$14014.82
10-0718237,Poleye,Esbjörn,cpoleyej2@netlog.com,$49905.67,$18386.17,3543269364708403,$35844.76
67-7252093,Antonio,Inès,santonioj3@howstuffworks.com,$6915.29,$15679.89,3582084931968618,$37853.36
10-3403618,Chalcraft,,,$11185.30,$24982.95,3564024547968323,$20781.12
88-9154748,Barme,Bénédicte,mbarmej5@live.com,$34269.53,$29975.79,503896569279578557,$32015.28
14-9470419,MacDonnell,Sòng,pmacdonnellj6@independent.co.uk,$2098.70,$13143.33,4917176150872119,$25663.20
62-4754231,Matelyunas,Mén,wmatelyunasj7@ibm.com,$8213.65,$37256.41,3554169307064078,$17229.11
64-7937205,Ortes,Anaïs,bortesj8@google.it,$33764.39,$49831.58,4041594164378,$3064.83
70-6991434,Hacon,Cloé,rhaconj9@nbcnews.com,$35973.17,$49848.30,5610324437138816,$24747.90
27-9939616,Cuzen,Athéna,ccuzenja@networksolutions.com,$28074.08,$5589.11,4026386737442868,$37527.75
66-0129916,Wolstenholme,,,$38055.44,$1247.32,5595621616686088,$21736.23
44-0608761,Vasyanin,Yè,,$46407.62,$18758.51,3578886592927360,$49368.01
68-2995734,Chatain,Gösta,bchatainjd@cbc.ca,$44664.71,$40090.63,3539917726363012,$39082.76
82-7295536,Haberjam,Maëlle,ahaberjamje@alibaba.com,$9362.16,$45788.94,5100172370172376,$48794.62
07-4635340,Shakesby,Nélie,nshakesbyjf@redcross.org,$18067.28,$4064.74,4405135900186088,$28912.49
02-5329333,June,Marlène,hjunejg@hexun.com,$2251.45,$6966.13,5325117383991444,$21937.89
49-0026461,Roon,Maéna,jroonjh@taobao.com,$33335.70,$40832.45,5007667548273083,$16270.20
15-4992842,Brompton,Yú,abromptonji@sitemeter.com,$1824.49,$23206.50,3532463403148191,$12591.35
66-5748151,Gummow,,agummowjj@pen.io,$7883.91,$28208.42,3568540218567157,$18621.62
36-4092804,Deeth,,bdeethjk@ycombinator.com,$42712.99,$25531.31,50204660537742645,$2856.64
78-8404100,Tubble,Rébecca,,$27834.57,$43802.28,3582027245373041,$38591.68
02-2046341,Durante,Táng,sdurantejm@buzzfeed.com,$15792.39,$44883.07,3568666726407543,$46468.77
34-5109794,Grimble,Maïlys,pgrimblejn@cbslocal.com,$22871.35,$35888.56,3576533334059308,$49405.00
29-5018647,Hanaford,Maïwenn,dhanafordjo@google.com.br,$16508.57,$22231.27,3528625315888157,$33167.95
18-8208362,Soane,Méng,esoanejp@surveymonkey.com,$29817.31,$3610.28,4026448596308232,$16972.91
31-9284739,Axelbee,Gisèle,faxelbeejq@people.com.cn,$4125.50,$19272.87,4026122965924263,$28496.58
87-4375404,Cleal,Anaïs,lclealjr@soup.io,$48872.79,$6106.24,30444618335404,$33461.66
14-5040443,Hastwell,Mélia,shastwelljs@berkeley.edu,$23085.22,$8811.10,4936921325443218506,$33830.91
61-3858115,Schachter,,,$45333.01,$39755.65,3536613987523591,$39812.50
56-4167555,Hamfleet,Mélinda,thamfleetju@feedburner.com,$39245.55,$48952.52,3555697747581193,$4103.59
85-2071379,Bunston,Lóng,abunstonjv@sohu.com,$31156.63,$22560.21,6709111937133218965,$6250.19
47-2589901,Geke,Océanne,agekejw@scribd.com,$44218.70,$24660.13,4026513370925020,$37941.72
44-4959006,Halladey,Håkan,ihalladeyjx@360.cn,$25482.61,$13430.03,3561582549893941,$3275.46
28-0219257,Songist,Daphnée,jsongistjy@bloglines.com,$41012.92,$14008.08,3567616128023779,$38497.99
82-8818495,Qusklay,Yè,rqusklayjz@skyrock.com,$29754.62,$46589.22,374288417042339,$32823.18
22-1126509,Mumbey,Pål,vmumbeyk0@yellowpages.com,$32713.04,$10241.65,3575521319894931,$48100.14
86-4447051,Mickelwright,Östen,jmickelwrightk1@irs.gov,$43176.49,$44172.16,3569461424825256,$38116.92
31-9587752,Wilcinskis,Judicaël,jwilcinskisk2@state.gov,$7133.81,$26240.91,30241507317620,$46583.26
01-0663284,Biggar,Almérinda,,$26400.27,$9552.93,201582814778134,$4596.36
30-5075123,Anthony,Dafnée,fanthonyk4@istockphoto.com,$28741.33,$31860.27,5602252409328540576,$31939.36
72-6813246,Teaser,Wá,gteaserk5@wiley.com,$4386.26,$33837.50,3553460478413264,$22590.22
75-3953412,Bottini,,rbottinik6@microsoft.com,$37948.41,$9752.83,374622943095421,$32073.70
80-2982061,Windress,,awindressk7@angelfire.com,$24707.26,$31923.61,3548597675641953,$7983.23
36-4546051,Kenrack,Ráo,,$36479.39,$1897.64,493675798865974364,$17893.19
60-7505160,Havill,Stévina,ahavillk9@stanford.edu,$45782.26,$17150.96,3529541577139198,$24503.65
34-6455594,MacWhan,Athéna,,$35524.49,$7503.62,3589198310685859,$35104.76
72-5591665,Chastang,Néhémie,dchastangkb@seattletimes.com,$6905.96,$14236.59,5511630128209058,$24699.29
49-8202579,Loddy,Håkan,hloddykc@themeforest.net,$48942.98,$10889.93,5108753413256953,$8127.30
27-0077642,MacCaghan,Bécassine,rmaccaghankd@msu.edu,$31773.54,$14345.91,30166371063275,$31563.14
23-2019426,Snoddy,Geneviève,,$14407.46,$18763.98,3578832126500844,$39345.72
15-2882401,Scola,Laïla,jscolakf@shop-pro.jp,$2019.90,$10170.95,5100140501311189,$41959.89
44-2835393,Fenne,Táng,hfennekg@ameblo.jp,$21675.73,$21760.35,3551427314240229,$48036.07
82-6172681,Vanstone,Maïlys,wvanstonekh@oaic.gov.au,$22868.08,$22662.90,3585372416968535,$12180.18
67-2376323,Woolston,Yénora,gwoolstonki@wufoo.com,$31276.05,$16951.58,5602211142195670,$29085.82
81-0928102,Hawksley,Bérangère,,$28495.60,$33184.13,4405388353334628,$29269.79
99-8732790,Leggan,Björn,cleggankk@nature.com,$16655.66,$11088.96,4905374068592184,$20498.84
96-3687815,Blezard,Marie-josée,,$25420.92,$23472.87,3541400141270589,$10873.29
94-5656978,Mussotti,Magdalène,kmussottikm@utexas.edu,$40464.98,$26767.17,372301102000983,$24032.60
58-9706996,Yurlov,Adèle,myurlovkn@sfgate.com,$23515.24,$21710.93,5018876121775814439,$8883.73
90-7120071,Paxton,Léane,rpaxtonko@digg.com,$2584.57,$21679.95,3566694734833494,$35603.46
94-5737277,Loomes,Agnès,aloomeskp@blogtalkradio.com,$19316.66,$12385.73,5602258783461504316,$34917.87
41-7140204,Pulster,Thérèsa,spulsterkq@google.com,$46362.45,$30373.84,56022341822717702,$17135.05
09-8784341,Janicek,Bénédicte,jjanicekkr@cisco.com,$24928.85,$21762.20,3553244563612810,$4409.87
81-0261672,Patron,Annotée,lpatronks@jimdo.com,$12225.81,$27822.84,3529455282818519,$1282.98
68-8561723,Pelz,Léone,,$12461.64,$28623.98,5007667150387957,$27662.46
66-2288896,Human,Anaëlle,,$19065.29,$49250.91,3576008469261144,$8091.65
04-9997674,Noad,Mén,,$24015.81,$40404.81,3572025872202147,$39672.67
86-8635783,Benech,Noémie,abenechkw@acquirethisname.com,$9351.94,$22903.74,30360169600782,$16336.02
58-6089229,Veldman,Görel,fveldmankx@wp.com,$4400.44,$38298.44,4913859462417640,$15851.24
95-4760531,Aldwick,Lài,aaldwickky@psu.edu,$14023.61,$28245.94,67093006473674061,$10242.44
72-4729628,Archard,,,$36732.50,$15169.28,3557109883321754,$1005.57
65-8735911,Scoterbosh,Desirée,,$34657.82,$28073.09,501826320753343210,$23587.45
46-6359781,Pallas,Marie-noël,mpallasl1@phoca.cz,$30299.21,$13652.08,3563943528284957,$46207.27
88-2346330,Gianni,,dgiannil2@sphinn.com,$27073.51,$43284.39,3576424423111178,$49108.73
73-8460973,Pauer,Lyséa,cpauerl3@vk.com,$12958.59,$11588.07,4405679934636303,$17231.13
13-3258061,Branton,Gaëlle,wbrantonl4@parallels.com,$1917.61,$30638.20,3566923890737730,$25737.09
89-2103140,O'Kennedy,Clémentine,tokennedyl5@surveymonkey.com,$38205.75,$8587.87,3563361498034031,$4642.16
27-1491625,Leipoldt,Judicaël,aleipoldtl6@java.com,$29545.97,$36366.45,201481884594481,$25341.26
52-3521075,Callcott,Dà,scallcottl7@w3.org,$16564.98,$20906.58,30036081332056,$29543.04
45-4912345,Olivet,Véronique,xolivetl8@exblog.jp,$48799.94,$21661.90,5312522140656872,$2330.61
65-1051308,Brooksby,Chloé,hbrooksbyl9@yahoo.com,$38593.11,$36392.83,3529355398228290,$42020.65
41-6434370,Clutram,Marie-françoise,,$10227.34,$1928.93,30137908252848,$26666.42
21-5287362,Rushsorth,Réjane,zrushsorthlb@wikipedia.org,$39767.13,$11344.91,6759589316924648,$2820.75
06-9357816,Navein,Michèle,,$39131.66,$32040.16,3544419626977077,$12151.48
18-9237548,Bretton,Marie-thérèse,pbrettonld@unc.edu,$15390.52,$16703.15,201443352415136,$29076.90
80-6812076,Wagge,Bérénice,,$39485.98,$10014.56,3549929697969253,$6309.68
72-3655034,Childes,Örjan,cchildeslf@netscape.com,$47530.35,$31296.15,201608779327425,$1688.11
86-4485396,Le Marquis,Naëlle,,$30524.70,$13996.43,493609450274451128,$22667.60
26-6734625,Lamperd,Clélia,rlamperdlh@fema.gov,$28058.10,$12758.93,374288360170681,$9899.11
48-8699837,Finlayson,Yóu,rfinlaysonli@techcrunch.com,$47688.86,$18819.77,633452294976351114,$41969.44
81-9866664,Clewlowe,,,$17870.96,$29756.82,3574617463084617,$16171.91
06-2133021,Gerran,Laïla,ugerranlk@studiopress.com,$34067.10,$41300.34,3538485695438315,$7572.94
81-6640328,Heineken,,,$28224.37,$31199.67,201488734574449,$7736.14
38-0167750,Durston,Gérald,,$31474.27,$36975.54,3553111592377568,$7411.37
36-3116171,Stelljes,Lorène,jstelljesln@trellian.com,$1899.40,$44339.30,30549590041380,$28213.25
95-7973194,Aspel,Pò,taspello@oaic.gov.au,$4292.83,$38852.77,4913543891901693,$5846.25
34-5921393,Stronghill,Illustrée,,$12365.71,$32566.58,5602247479284654735,$34152.59
46-7350146,Whitman,Yáo,awhitmanlq@cpanel.net,$20395.05,$38793.58,3561572739547324,$26558.13
33-0743495,Cheatle,Daphnée,,$1486.27,$37157.40,3583251498380060,$41396.65
85-0336511,Curryer,Gaïa,bcurryerls@fema.gov,$5850.48,$26797.02,3557875009326873,$32845.90
31-8150426,Laborde,Laurélie,rlabordelt@cyberchimps.com,$29751.40,$2745.80,5018877574549432,$11814.08
04-3969774,Belliard,Aurélie,,$13905.38,$20487.61,372301421119357,$24223.21
37-6449567,Buffy,Vérane,kbuffylv@hibu.com,$42446.28,$26470.13,3537830542402405,$43263.91
16-9889935,Kohlerman,Judicaël,lkohlermanlw@japanpost.jp,$11391.88,$39664.46,3582839714812675,$48128.46
14-3701076,Cortez,Maëlla,,$36502.49,$18233.47,3537503250724167,$35690.09
18-3988977,Baudasso,Léane,sbaudassoly@mediafire.com,$46586.59,$46660.30,4026959363993014,$7839.89
32-9069861,Battams,Pénélope,lbattamslz@w3.org,$1833.96,$40431.56,3554878305256581,$9006.35
20-6553903,Lambole,Fèi,,$32714.81,$11821.56,3537011023152179,$31852.70
89-9312079,Fanshawe,Mélanie,cfanshawem1@jigsy.com,$5095.45,$33325.88,3565506595502888,$35946.82
62-7553563,Ballchin,Mélanie,pballchinm2@slate.com,$35795.77,$25606.67,5513095239999641,$38824.73
61-6624335,Mateos,Bérénice,lmateosm3@tripod.com,$41933.25,$49517.55,6381770504322367,$30120.40
57-7475462,Cutts,,lcuttsm4@flickr.com,$18121.53,$20277.32,4734280663063892,$46158.24
54-3264172,Brittin,Maëlys,fbrittinm5@dion.ne.jp,$12651.62,$19666.64,6331102263379231065,$33308.50
88-9867571,Kienl,Simplifiés,hkienlm6@economist.com,$29006.74,$22263.33,4041595459850,$4887.87
55-5186912,Ivanyushkin,,livanyushkinm7@github.io,$1473.03,$37724.81,5048379085981653,$12601.93
60-8345078,Hefferon,Joséphine,,$21767.33,$39262.96,4041374907910378,$30732.74
46-7137636,Cleeton,Gösta,tcleetonm9@dagondesign.com,$6220.14,$16871.40,5315963936062478,$49777.44
80-3665623,Matlock,,imatlockma@miibeian.gov.cn,$24349.15,$13688.46,58934263491193663,$37649.12
32-3493080,Westbrook,Véronique,dwestbrookmb@over-blog.com,$18705.04,$10587.19,3550159297657076,$34666.33
31-3307477,Dockrill,Adélie,tdockrillmc@examiner.com,$27353.20,$29814.43,3555023380502117,$5862.19
84-0689106,Jonah,,,$30018.96,$4619.11,3529599453541796,$32882.40
79-2248944,Hurkett,Léa,bhurkettme@mashable.com,$27664.47,$25756.49,372301960172486,$10082.62
57-8433893,Atty,Rébecca,battymf@answers.com,$42557.51,$4789.17,5100177183039936,$29036.57
31-7946952,Vasenin,Frédérique,evaseninmg@netlog.com,$33145.82,$6062.68,3581251644110348,$17591.34
77-5717454,Danielsohn,Loïc,cdanielsohnmh@tripod.com,$2828.17,$12523.06,3573541628103271,$6830.89
25-5849357,Imos,Clémentine,timosmi@go.com,$10219.82,$21135.62,3588364555022031,$48176.39
84-8709271,Gritsaev,Edmée,,$48010.33,$48295.04,6761435581581695777,$45172.21
98-2344688,Doleman,Vérane,fdolemanmk@macromedia.com,$18712.05,$22515.73,3563829013771519,$16347.14
10-3127801,Breton,Yénora,hbretonml@patch.com,$2822.03,$46301.75,348990301859206,$48743.22
06-0270836,Meddings,Östen,lmeddingsmm@ehow.com,$5911.06,$14049.80,5020497501507175,$1457.31
48-2647618,Normanvill,Stéphanie,,$17295.69,$10552.91,3543091432079090,$20871.59
35-9288822,Lavalde,Michèle,clavaldemo@ucsd.edu,$32558.98,$18316.17,3578781241945535,$24063.83
76-6893521,Georgius,Lauréna,ageorgiusmp@hhs.gov,$5757.45,$34645.56,3547616094288427,$20278.55
00-0697148,Ackland,,backlandmq@nba.com,$38150.28,$44268.82,374283985059757,$37496.49
28-7601971,Readett,Vérane,areadettmr@usa.gov,$33191.36,$35551.30,3532081443671301,$40213.02
83-6156828,MacKeller,Irène,vmackellerms@hexun.com,$27918.15,$38257.66,3589008080040583,$47640.85
58-8870507,Iacavone,Sélène,ciacavonemt@jiathis.com,$42883.15,$18390.46,3566313592338294,$24458.85
21-5030538,Littlechild,Annotée,flittlechildmu@jugem.jp,$41969.03,$27159.66,3580262313009407,$4799.58
39-7815616,Essel,Crééz,tesselmv@usnews.com,$16662.17,$15844.90,3579800186955900,$3747.59
78-3647283,Roll,Marie-françoise,,$43136.45,$18358.87,5467694478943181,$3949.03
65-2605850,Maffioletti,Athéna,gmaffiolettimx@amazon.com,$14315.12,$2930.78,30349778513916,$23978.56
30-3107768,Elvins,Vérane,belvinsmy@biblegateway.com,$22316.84,$27093.03,670694999256786454,$26932.85
31-9764991,Drane,Mélanie,edranemz@google.com.br,$33811.03,$26783.58,560223233707245578,$26231.48
34-7042417,Treanor,Anaé,,$27505.71,$31779.14,374288294255319,$48112.47
22-3921152,Woolfall,,twoolfalln1@dedecms.com,$24859.16,$23037.18,5163923313319118,$4550.75
94-0744001,Bratten,Eléa,rbrattenn2@ebay.com,$22179.18,$21261.90,3556825328733151,$31958.22
16-8487409,Kuban,Méline,mkubann3@wikia.com,$19284.10,$5520.29,5602254784968632,$37268.75
54-6062267,Thomsen,Adélaïde,gthomsenn4@prweb.com,$30500.53,$28782.95,3544426140162342,$38886.07
44-9645706,Glanert,Alizée,jglanertn5@go.com,$46359.55,$38384.08,3546244490387445,$24505.92
52-7884556,Moulin,Félicie,vmoulinn6@delicious.com,$46172.13,$37668.49,3571064313273087,$20815.72
90-3335911,Neild,Lyséa,cneildn7@usgs.gov,$12428.38,$19743.65,30372451731126,$21095.08
86-5760258,Janz,Noémie,njanzn8@ebay.co.uk,$46237.58,$39942.33,5610891034465685,$7606.99
46-0081517,Keable,Eléonore,ckeablen9@cafepress.com,$40118.64,$3857.49,4026202163548526,$22165.31
26-4653952,Baroch,Léa,cbarochna@techcrunch.com,$8894.58,$45764.54,3541475546412572,$7553.31
98-0882742,Hradsky,Stévina,ehradskynb@discovery.com,$16709.85,$31570.97,3572266803375392,$29802.43
20-9082058,Hudspith,Örjan,fhudspithnc@g.co,$45908.48,$38903.48,490349730906356337,$3295.06
23-9873824,Senton,Cinéma,jsentonnd@china.com.cn,$47611.43,$41256.51,6385095964198859,$25811.45
57-3651151,Quirk,,,$32839.52,$30199.71,3560811012795247,$49098.98
27-9556383,Beckmann,Maëlann,sbeckmannnf@miitbeian.gov.cn,$15075.86,$12251.50,30329206383652,$34162.80
55-2505646,Eborn,Zhì,lebornng@51.la,$28898.39,$28156.38,3588393398697691,$42929.03
09-7379196,Quenby,Mén,pquenbynh@nature.com,$21578.03,$24482.76,337941326235883,$19998.12
23-3588089,ducarme,Méghane,,$39333.64,$31274.04,3583737727917250,$14027.20
45-4732616,Killich,Salomé,fkillichnj@mysql.com,$45533.09,$34794.15,3529624094633099,$21097.50
86-1305109,Fieldsend,Maëlla,afieldsendnk@creativecommons.org,$42900.48,$46972.94,30158482975323,$16962.23
68-8163840,Alliban,Kù,dallibannl@arstechnica.com,$39067.78,$8710.52,30482130503026,$27471.68
40-8458713,Steer,Magdalène,esteernm@thetimes.co.uk,$25239.36,$38937.29,201513903066065,$9435.59
43-8874557,Maraga,Clémence,imaragann@networksolutions.com,$27869.57,$23470.43,374288027627230,$35652.98
21-0085512,Cornford,Irène,bcornfordno@purevolume.com,$32295.67,$17826.83,3582049395069773,$10737.40
47-6893248,Mabbett,Adélie,bmabbettnp@vkontakte.ru,$9677.60,$19674.28,4041594675480,$35491.73
25-1818927,Bigadike,Sélène,ebigadikenq@mysql.com,$15029.48,$48823.28,5602224948121576,$17887.11
99-3628721,Lowre,Adèle,wlowrenr@google.com.br,$49418.81,$42281.32,3585987948447748,$16665.43
14-1926505,Pharro,,,$41980.71,$23313.18,337941834394966,$35276.07
14-2672982,Holbury,Almérinda,cholburynt@dell.com,$20036.27,$44338.86,5100177290405301,$26881.93
44-4904242,Crosskell,,,$25908.10,$43855.22,3577548647148068,$2071.29
03-4770847,Ferraresi,Yénora,sferraresinv@sina.com.cn,$17908.43,$9994.75,3551856012434975,$6417.84
41-8267697,Dodgshon,,rdodgshonnw@qq.com,$34790.85,$49954.40,560225293783703625,$36182.07
52-7989404,Goodings,Gaétane,,$9401.09,$34581.43,5038410079707192,$25121.53
90-0998264,Rowlstone,Pélagie,jrowlstoneny@japanpost.jp,$11200.32,$25559.26,560222601008937237,$21764.37
08-6917574,Onge,Agnès,,$47374.58,$21452.51,6331108990135848,$25149.56
13-1011800,Learoid,Léana,wlearoido0@squidoo.com,$43871.75,$48338.50,3582429690139838,$47754.54
88-1697391,Fuge,Maï,lfugeo1@archive.org,$40342.18,$23524.50,6399512244304606,$34462.71
18-1079344,Stilling,Noémie,mstillingo2@si.edu,$29998.71,$7234.36,4911241118972906179,$35519.24
94-8428764,Hearon,Estée,dhearono3@whitehouse.gov,$26088.96,$22908.74,560222568435858353,$24451.71
17-5010003,Lidgard,Sòng,alidgardo4@amazon.de,$7853.36,$44142.43,3553923860446275,$4998.37
56-0128387,Coils,Garçon,,$5638.56,$44049.28,3530775901185702,$9960.75
50-6035572,Spurdon,Pål,,$17433.43,$26592.51,4913030456027460,$2524.07
51-0414746,De la Yglesia,Laurène,hdelayglesiao7@miitbeian.gov.cn,$29422.49,$32533.65,374288744053389,$18453.18
54-0121136,Dickerson,Léonie,ddickersono8@gizmodo.com,$24543.64,$31801.63,677128672569863176,$4791.46
42-0526552,Rushbrook,Camélia,krushbrooko9@reuters.com,$49818.27,$42947.21,3586407700154746,$2927.24
46-7115536,Tredwell,Publicité,,$25858.03,$31367.07,3531720660638060,$42325.14
92-3967696,Bartleman,Aimée,lbartlemanob@surveymonkey.com,$42984.85,$26187.63,374283009981341,$30834.67
56-3017629,Chittim,Géraldine,,$13512.56,$31358.35,3542039328660243,$21676.13
09-1601837,Knutton,Desirée,jknuttonod@amazon.de,$7377.07,$26212.26,3589548549533009,$47457.63
77-9556935,Eyeington,Pål,seyeingtonoe@tinyurl.com,$31927.07,$39495.11,4405203908242632,$49274.41
58-4700330,Moen,Garçon,amoenof@springer.com,$21487.19,$40788.62,5007663492410789,$22538.45
60-2989821,MacTimpany,Åsa,,$19125.93,$42789.61,3540553365138451,$16215.14
59-5642431,Garthside,Daphnée,mgarthsideoh@time.com,$16651.06,$29215.47,30412703670035,$31018.98
75-9907013,Ajsik,Maëlann,hajsikoi@spiegel.de,$44376.24,$35467.04,3574713653595833,$49771.01
53-0839602,Johnsey,Andrée,,$22240.91,$48739.08,5893275637661631747,$1332.65
93-9577084,Coxwell,Dù,wcoxwellok@icq.com,$41068.16,$13575.53,4026491080897179,$20735.89
29-2471454,Castaignet,Loïs,gcastaignetol@zdnet.com,$12311.07,$17597.59,670665059133964744,$49175.76
39-8256905,Dearing,Danièle,,$34758.25,$35622.37,3589308431751015,$2684.57
17-5548341,Tampion,Mélodie,dtampionon@comsenz.com,$26637.82,$44071.88,30327663485705,$27103.32
26-1816173,Blaszczak,Faîtes,mblaszczakoo@wisc.edu,$21986.36,$43689.76,5602247356720659389,$30698.10
78-1751327,Chadburn,Mylène,rchadburnop@kickstarter.com,$47487.22,$20356.64,3576797961981700,$7959.59
07-5896364,Kharchinski,Bécassine,,$41060.61,$3967.71,633337919237189868,$27666.18
95-8530687,Pitney,Sélène,cpitneyor@usatoday.com,$23485.43,$5141.66,372301487066393,$15238.74
78-3901338,Clavey,,cclaveyos@opensource.org,$49848.13,$32604.24,3548488557808029,$4914.06
54-9797282,Mitchley,Mélinda,kmitchleyot@army.mil,$28206.28,$30921.45,3560822976183122,$4564.70
56-7424235,Alvarado,Cléopatre,malvaradoou@cpanel.net,$29752.55,$18416.06,3543157366876478,$22088.81
84-7991149,McKinnell,Garçon,,$19168.16,$32204.31,30395293949986,$24940.16
10-4313447,Creus,Nélie,ocreusow@a8.net,$37356.67,$11058.99,5202789056396099,$11776.62
47-2313368,Sitch,,dsitchox@sogou.com,$41813.89,$7264.14,3561591637850663,$2939.20
60-9295661,Pococke,Wá,,$42488.71,$49491.77,633110419755497531,$46035.83
45-9599025,Gaunt,Andréa,lgauntoz@icq.com,$2255.10,$2596.31,4911780688712047945,$24747.53
19-1757201,Kleinplatz,Dorothée,ikleinplatzp0@comsenz.com,$17907.38,$43221.07,30385646480276,$35525.80
47-6591321,Sprosson,Athéna,psprossonp1@army.mil,$29348.57,$15695.49,3586781664389674,$18678.17
31-1737393,Gillino,Maïlys,rgillinop2@ihg.com,$46543.29,$39004.16,372301502489893,$45251.29
98-1113040,Mayberry,,hmayberryp3@virginia.edu,$10340.72,$22628.44,3570171053347558,$30646.27
16-5813007,Tzarkov,Maëlla,ttzarkovp4@technorati.com,$8122.89,$44756.35,4618070997908,$26488.50
42-0780011,Watkiss,Annotée,hwatkissp5@barnesandnoble.com,$11511.54,$26173.89,3588908243537378,$34644.58
64-2300841,Durtnel,Solène,mdurtnelp6@arstechnica.com,$1289.20,$35559.63,30056227117740,$31583.39
08-9059851,Abriani,,babrianip7@jalbum.net,$47892.81,$37126.33,3556690913752507,$26305.73
18-3868785,Rawstorn,Géraldine,mrawstornp8@booking.com,$28018.48,$42911.08,3558129169405344,$7795.83
61-5413100,Tofts,,gtoftsp9@europa.eu,$45013.68,$33583.53,30055266493624,$10436.66
55-9075120,Honeywood,Yáo,dhoneywoodpa@people.com.cn,$49673.40,$39255.13,201943435261019,$4144.10
23-1259519,Bedson,Måns,,$14181.01,$47301.21,374622082268755,$46141.76
28-6722641,Robelet,Intéressant,hrobeletpc@illinois.edu,$26889.06,$21151.66,6381744200761574,$1985.55
82-8725876,Parfrey,Maëlle,eparfreypd@joomla.org,$36282.46,$7364.51,5002355654960439,$37494.26
89-7041631,Klimowicz,Marlène,rklimowiczpe@guardian.co.uk,$6934.08,$23689.12,633110287815800071,$22528.60
37-9887420,McDavid,Gwenaëlle,tmcdavidpf@nymag.com,$4387.13,$6849.43,348900604651242,$34776.84
27-8082767,Raye,Clémentine,krayepg@hubpages.com,$29681.21,$39693.40,3551243301144997,$1332.30
74-4033716,Halpin,Médiamass,,$20954.55,$12680.07,6763424487244419374,$36542.48
18-2261211,Heis,,wheispi@sina.com.cn,$48798.07,$44220.44,5602218793706267,$36955.09
77-8300944,Moneypenny,Dà,bmoneypennypj@issuu.com,$39860.25,$44370.00,3533355032460881,$8298.39
22-7885866,Quincey,Méryl,vquinceypk@apache.org,$17501.06,$31773.91,30078529806135,$16627.48
27-1520585,Morit,Aloïs,,$35092.50,$40203.88,560221212484419871,$2203.21
40-9136107,Moulsdale,Anaëlle,wmoulsdalepm@whitehouse.gov,$4871.06,$8516.06,3589459610221153,$31688.27
57-8398245,Sweetland,Magdalène,,$18475.93,$15348.77,3545935646607138,$13497.33
63-4901942,Parmiter,Lorène,dparmiterpo@google.com.hk,$30094.73,$6611.95,30211787096186,$49830.75
17-2141816,Quiney,Gisèle,lquineypp@alibaba.com,$31951.54,$39082.08,6390646084525489,$31887.93
43-5052011,O'Cannavan,Marie-noël,,$22859.68,$39803.23,5444798349208951,$1761.80
67-3440909,Martusov,Stévina,,$12476.29,$11333.16,5602220709964691,$14834.53
18-5862725,Quilter,Annotés,qquilterps@wikispaces.com,$22137.63,$44271.44,0604579318144766,$23454.35
56-9235114,Wastie,Östen,awastiept@google.cn,$12528.89,$10743.03,060429651937162615,$5686.39
69-1750279,Elener,Fèi,jelenerpu@jugem.jp,$32301.82,$20155.30,5100136432244226,$8702.11
42-4300404,Casswell,Félicie,jcasswellpv@msu.edu,$11259.41,$45005.93,3573244358992456,$16644.79
37-1372332,Donet,Mélissandre,tdonetpw@webnode.com,$42905.44,$43592.49,670970775961396259,$23222.12
84-8807519,Coddrington,,kcoddringtonpx@usa.gov,$42613.42,$2891.64,3528217942916955,$30057.78
39-8237184,Bythell,Clémence,sbythellpy@soundcloud.com,$47763.44,$34745.99,5602234516357551,$1713.02
88-2698198,Dumbarton,Táng,adumbartonpz@ebay.co.uk,$24351.48,$32635.87,4041596526163712,$16058.33
84-6190976,Loddon,Réjane,cloddonq0@cbslocal.com,$7858.84,$23894.17,3550278219519352,$32929.31
15-9154766,Plume,Gaïa,rplumeq1@senate.gov,$38089.43,$33766.20,4041599369014,$36617.88
98-8092765,MacCambridge,Gaétane,,$42237.01,$38220.24,6759768513840076,$4731.75
17-7337885,Werner,Marie-josée,dwernerq3@google.de,$25065.00,$18863.56,5108759447831745,$27202.06
29-9585336,Rookledge,Léana,,$35217.19,$35951.61,5117921301521437,$3682.78
33-9726522,Quillinane,Naéva,iquillinaneq5@sogou.com,$48369.86,$7800.38,3587376422366863,$20242.28
63-8344881,Tye,Agnès,ltyeq6@fotki.com,$5897.44,$13203.23,5355599405517377,$13482.68
92-9687300,Garlick,Aí,kgarlickq7@stumbleupon.com,$46766.46,$49918.84,5018423538252652784,$43567.94
37-6937219,Hartropp,Léonore,dhartroppq8@kickstarter.com,$7859.95,$31979.91,3543093648693474,$36578.67
78-8982628,Sawbridge,Laïla,csawbridgeq9@w3.org,$26803.91,$23022.79,5018215167813244592,$3588.49
90-2830482,Unwin,Lauréna,gunwinqa@alexa.com,$40746.50,$5162.19,201871129260965,$29597.09
19-5647409,Bumpus,Lén,,$40472.72,$9530.19,5602234462804374,$38951.04
39-9637952,Ledrun,Maëlla,cledrunqc@ustream.tv,$33726.87,$35567.57,4905411916473660,$4831.15
43-9548693,Chadwin,Lài,mchadwinqd@squidoo.com,$44087.28,$35536.39,370746701200305,$26121.05
88-3299312,Duell,Anaé,,$31499.53,$21409.69,06049334422164304,$47758.03
12-3479614,Kondrachenko,Marie-ève,hkondrachenkoqf@e-recht24.de,$34688.09,$3226.66,6382146146137175,$39236.74
13-2711323,Eslemont,Béatrice,ceslemontqg@si.edu,$20022.69,$30618.65,337941469065998,$1583.60
84-4503738,Duffill,Gérald,fduffillqh@adobe.com,$30074.46,$15260.71,3568158182033260,$8136.40
54-7452565,Fergusson,Marie-thérèse,afergussonqi@alexa.com,$40427.86,$28062.95,6706364584411389140,$15239.81
07-9928716,Simonite,Lài,jsimoniteqj@vimeo.com,$28040.56,$28553.30,3563602728472453,$45205.69
63-4708290,Luggar,Eléonore,gluggarqk@washingtonpost.com,$44281.99,$34844.72,201641978045787,$40005.49
45-2136816,Hawyes,Irène,,$34069.17,$8509.16,5602259945613738,$2691.16
39-1481239,Chapple,,mchappleqm@myspace.com,$49705.21,$18585.14,56105800783652919,$16232.74
05-7193640,Jagger,,tjaggerqn@buzzfeed.com,$3480.67,$32730.27,201825815789760,$47867.93
13-2381244,De Francesco,Noëlla,adefrancescoqo@twitpic.com,$41471.50,$25308.47,379797757304278,$14088.26
97-6316242,Bayliss,Andréanne,,$47566.15,$30103.67,630465866500884941,$42290.91
81-6838075,Gianelli,Zoé,tgianelliqq@cbc.ca,$4944.40,$30448.89,560222870296536528,$13595.43
91-6218012,Woolis,Cinéma,rwoolisqr@sciencedirect.com,$3357.00,$11885.81,3557801997840568,$8635.16
31-7919417,Voase,Dà,mvoaseqs@cafepress.com,$45652.94,$28057.24,3539532691364950,$29447.48
01-9141090,Joynt,Véronique,njoyntqt@canalblog.com,$39838.28,$8703.20,3584234763314740,$25595.21
41-4298174,Cheale,Méghane,rchealequ@odnoklassniki.ru,$3691.45,$2416.23,3565973289676966,$9219.76
75-3083719,Sherrocks,Maëline,asherrocksqv@uiuc.edu,$19727.41,$14785.47,3582864244307202,$38839.92
33-8431300,Pennini,,vpenniniqw@mashable.com,$25190.98,$37009.60,4911138735540310,$5356.63
62-9801353,Livett,Maéna,elivettqx@army.mil,$46911.71,$28231.69,3559803891665602,$35102.51
54-6177592,Shales,Yénora,sshalesqy@timesonline.co.uk,$10352.98,$45156.64,3555515709317937,$15150.47
19-7894379,McCory,Erwéi,,$7803.93,$10805.63,5018221224383451784,$2606.24
39-3842590,Braune,Gérald,sbrauner0@cyberchimps.com,$5800.55,$31480.82,5010128529694586,$48855.27
96-5077523,Pach,Marlène,bpachr1@posterous.com,$15259.96,$48398.02,374288666348445,$2733.90
66-8380291,O'Carrol,Mélanie,rocarrolr2@hugedomains.com,$44823.55,$9453.08,3566650003659952,$49327.68
05-6511121,Odde,,,$42936.72,$12240.33,67714347100265082,$15485.55
97-2101258,Freathy,Lóng,mfreathyr4@weebly.com,$22513.53,$10125.71,3558133742953036,$31646.56
11-8229505,Gritskov,Maëlle,ggritskovr5@parallels.com,$31028.55,$44390.39,3563894596033224,$30277.57
11-9832192,Myrkus,Marie-françoise,kmyrkusr6@skyrock.com,$7218.15,$14977.97,3568197921596955,$10244.07
67-7397015,Lerwill,Sòng,mlerwillr7@feedburner.com,$34126.23,$6797.14,6304552376705984157,$22044.60
95-3095879,Whitehair,Alizée,ewhitehairr8@cnn.com,$16752.00,$46813.80,3529592937297820,$1343.01
36-6590359,Gateman,Personnalisée,,$34651.03,$21602.13,3574507636902235,$42373.14
73-8925397,Grindle,Lén,,$24039.24,$46193.75,3579916401262201,$21625.05
18-9877008,McDougle,,,$14917.25,$49999.67,201486538360635,$46944.09
00-1537576,Parminter,Maëlla,sparminterrc@g.co,$29719.16,$29169.67,4017954720413,$31852.46
40-2325892,Wayte,,,$9073.26,$28763.64,5010124815191395,$17862.81
69-6568138,Sommerlin,Eléonore,,$19485.42,$41241.39,201966849668396,$13321.93
09-7227223,Kimberly,Laïla,lkimberlyrf@unc.edu,$43463.05,$10223.67,3549230151821738,$43619.60
81-0298768,Flegg,Loïs,sfleggrg@jalbum.net,$31993.43,$9432.40,3586065852030351,$14835.48
94-4192974,Cocker,Régine,mcockerrh@google.com,$19910.86,$18599.69,5038879523470279609,$11423.27
33-6215677,Killich,Cléopatre,rkillichri@clickbank.net,$36381.94,$48041.18,5602222308360578,$39280.61
12-4814637,Zarfat,Märta,czarfatrj@myspace.com,$21312.08,$32309.08,374288221991838,$1483.39
72-7778145,Maisey,Maïlys,hmaiseyrk@msn.com,$14788.99,$9718.90,5893680658173958,$19210.83
18-0581019,Riha,,driharl@unesco.org,$5400.17,$32048.99,3537724875521883,$20937.78
95-4785163,Inchboard,Yáo,binchboardrm@globo.com,$48047.16,$32363.88,201687235436210,$16758.37
62-9095693,Hugland,Torbjörn,hhuglandrn@domainmarket.com,$48206.03,$46608.58,3566812632956270,$25380.42
50-6778236,Pischel,Cunégonde,,$4051.64,$23250.73,3543836579770178,$21120.18
11-7805663,Iskowicz,Desirée,giskowiczrp@squarespace.com,$44090.34,$28998.83,3545228368574581,$21679.16
18-8007636,Tring,Clémence,btringrq@apache.org,$7524.34,$14207.97,5020654099872524362,$26610.48
87-6064219,Marages,Dù,cmaragesrr@infoseek.co.jp,$14267.81,$25078.10,3580916611827931,$29668.93
